game_id,game_date,short_name,status,home_team_abbrev,away_team_abbrev
401859967,2026-06-14 00:30:00+00,NY @ SA,STATUS_FINAL,SA,NY
401859966,2026-06-11 00:30:00+00,SA @ NY,STATUS_FINAL,NY,SA
401859965,2026-06-09 00:30:00+00,SA @ NY,STATUS_FINAL,NY,SA
401859964,2026-06-06 00:30:00+00,NY @ SA,STATUS_FINAL,SA,NY
401859963,2026-06-04 00:30:00+00,NY @ SA,STATUS_FINAL,SA,NY
401873203,2026-05-31 00:00:00+00,SA @ OKC,STATUS_FINAL,OKC,SA
401873202,2026-05-29 00:30:00+00,OKC @ SA,STATUS_FINAL,SA,OKC
401873201,2026-05-27 00:30:00+00,SA @ OKC,STATUS_FINAL,OKC,SA
401873344,2026-05-26 00:00:00+00,NY @ CLE,STATUS_FINAL,CLE,NY
401873200,2026-05-25 00:00:00+00,OKC @ SA,STATUS_FINAL,SA,OKC
401873343,2026-05-24 00:00:00+00,NY @ CLE,STATUS_FINAL,CLE,NY
401873199,2026-05-23 00:30:00+00,OKC @ SA,STATUS_FINAL,SA,OKC
401873342,2026-05-22 00:00:00+00,CLE @ NY,STATUS_FINAL,NY,CLE
401873198,2026-05-21 00:30:00+00,SA @ OKC,STATUS_FINAL,OKC,SA
401873341,2026-05-20 00:00:00+00,CLE @ NY,STATUS_FINAL,NY,CLE
401873197,2026-05-19 00:30:00+00,SA @ OKC,STATUS_FINAL,OKC,SA
401871339,2026-05-18 00:00:00+00,CLE @ DET,STATUS_FINAL,DET,CLE
401871157,2026-05-16 01:30:00+00,SA @ MIN,STATUS_FINAL,MIN,SA
401871338,2026-05-15 23:00:00+00,DET @ CLE,STATUS_FINAL,CLE,DET
401871337,2026-05-14 00:00:00+00,CLE @ DET,STATUS_FINAL,DET,CLE
401871156,2026-05-13 00:00:00+00,MIN @ SA,STATUS_FINAL,SA,MIN
401871329,2026-05-12 02:30:00+00,OKC @ LAL,STATUS_FINAL,LAL,OKC
401871336,2026-05-12 00:00:00+00,DET @ CLE,STATUS_FINAL,CLE,DET
401871155,2026-05-10 23:30:00+00,SA @ MIN,STATUS_FINAL,MIN,SA
401871162,2026-05-10 19:30:00+00,NY @ PHI,STATUS_FINAL,PHI,NY
401871328,2026-05-10 00:30:00+00,OKC @ LAL,STATUS_FINAL,LAL,OKC
401871335,2026-05-09 19:00:00+00,DET @ CLE,STATUS_FINAL,CLE,DET
401871154,2026-05-09 01:30:00+00,SA @ MIN,STATUS_FINAL,MIN,SA
401871161,2026-05-08 23:00:00+00,NY @ PHI,STATUS_FINAL,PHI,NY
401871327,2026-05-08 01:30:00+00,LAL @ OKC,STATUS_FINAL,OKC,LAL
401871334,2026-05-07 23:00:00+00,CLE @ DET,STATUS_FINAL,DET,CLE
401871153,2026-05-07 01:30:00+00,MIN @ SA,STATUS_FINAL,SA,MIN
401871160,2026-05-06 23:00:00+00,PHI @ NY,STATUS_FINAL,NY,PHI
401871326,2026-05-06 00:30:00+00,LAL @ OKC,STATUS_FINAL,OKC,LAL
401871333,2026-05-05 23:00:00+00,CLE @ DET,STATUS_FINAL,DET,CLE
401871152,2026-05-05 01:30:00+00,MIN @ SA,STATUS_FINAL,SA,MIN
401871159,2026-05-05 00:00:00+00,PHI @ NY,STATUS_FINAL,NY,PHI
401869384,2026-05-03 23:30:00+00,TOR @ CLE,STATUS_FINAL,CLE,TOR
401869418,2026-05-03 19:30:00+00,ORL @ DET,STATUS_FINAL,DET,ORL
401869412,2026-05-02 23:30:00+00,PHI @ BOS,STATUS_FINAL,BOS,PHI
401869409,2026-05-02 01:30:00+00,LAL @ HOU,STATUS_FINAL,HOU,LAL
401869381,2026-05-01 23:30:00+00,CLE @ TOR,STATUS_FINAL,TOR,CLE
401869417,2026-05-01 23:00:00+00,DET @ ORL,STATUS_FINAL,ORL,DET
401869402,2026-05-01 01:30:00+00,DEN @ MIN,STATUS_FINAL,MIN,DEN
401869410,2026-05-01 00:00:00+00,BOS @ PHI,STATUS_FINAL,PHI,BOS
401869393,2026-04-30 23:00:00+00,NY @ ATL,STATUS_FINAL,ATL,NY
401869407,2026-04-30 02:00:00+00,HOU @ LAL,STATUS_FINAL,LAL,HOU
401869380,2026-04-29 23:30:00+00,TOR @ CLE,STATUS_FINAL,CLE,TOR
401869416,2026-04-29 23:00:00+00,ORL @ DET,STATUS_FINAL,DET,ORL
401869386,2026-04-29 01:30:00+00,POR @ SA,STATUS_FINAL,SA,POR
401869392,2026-04-29 00:00:00+00,ATL @ NY,STATUS_FINAL,NY,ATL
401869408,2026-04-28 23:00:00+00,PHI @ BOS,STATUS_FINAL,BOS,PHI
401869401,2026-04-28 02:30:00+00,MIN @ DEN,STATUS_FINAL,DEN,MIN
401869373,2026-04-28 01:30:00+00,OKC @ PHX,STATUS_FINAL,PHX,OKC
401869415,2026-04-28 00:00:00+00,DET @ ORL,STATUS_FINAL,ORL,DET
401869405,2026-04-27 01:30:00+00,LAL @ HOU,STATUS_FINAL,HOU,LAL
401869406,2026-04-26 23:00:00+00,BOS @ PHI,STATUS_FINAL,PHI,BOS
401869385,2026-04-26 19:30:00+00,SA @ POR,STATUS_FINAL,POR,SA
401869377,2026-04-26 17:00:00+00,CLE @ TOR,STATUS_FINAL,TOR,CLE
401869399,2026-04-26 00:30:00+00,DEN @ MIN,STATUS_FINAL,MIN,DEN
401869391,2026-04-25 22:00:00+00,NY @ ATL,STATUS_FINAL,ATL,NY
401869370,2026-04-25 19:30:00+00,OKC @ PHX,STATUS_FINAL,PHX,OKC
401869414,2026-04-25 17:00:00+00,DET @ ORL,STATUS_FINAL,ORL,DET
401869382,2026-04-25 02:30:00+00,SA @ POR,STATUS_FINAL,POR,SA
401869400,2026-04-25 00:00:00+00,LAL @ HOU,STATUS_FINAL,HOU,LAL
401869404,2026-04-24 23:00:00+00,BOS @ PHI,STATUS_FINAL,PHI,BOS
401869398,2026-04-24 01:30:00+00,DEN @ MIN,STATUS_FINAL,MIN,DEN
401869375,2026-04-24 00:00:00+00,CLE @ TOR,STATUS_FINAL,TOR,CLE
401869389,2026-04-23 23:00:00+00,NY @ ATL,STATUS_FINAL,ATL,NY
401869368,2026-04-23 01:30:00+00,PHX @ OKC,STATUS_FINAL,OKC,PHX
401869411,2026-04-22 23:00:00+00,ORL @ DET,STATUS_FINAL,DET,ORL
401869397,2026-04-22 02:30:00+00,HOU @ LAL,STATUS_FINAL,LAL,HOU
401869378,2026-04-22 00:00:00+00,POR @ SA,STATUS_FINAL,SA,POR
401869396,2026-04-21 23:00:00+00,PHI @ BOS,STATUS_FINAL,BOS,PHI
401869395,2026-04-21 02:30:00+00,MIN @ DEN,STATUS_FINAL,DEN,MIN
401869387,2026-04-21 00:00:00+00,ATL @ NY,STATUS_FINAL,NY,ATL
401869369,2026-04-20 23:00:00+00,TOR @ CLE,STATUS_FINAL,CLE,TOR
401869194,2026-04-20 01:00:00+00,POR @ SA,STATUS_FINAL,SA,POR
401869193,2026-04-19 22:30:00+00,ORL @ DET,STATUS_FINAL,DET,ORL
401869192,2026-04-19 19:30:00+00,PHX @ OKC,STATUS_FINAL,OKC,PHX
401869191,2026-04-19 17:00:00+00,PHI @ BOS,STATUS_FINAL,BOS,PHI
401869190,2026-04-19 00:30:00+00,HOU @ LAL,STATUS_FINAL,LAL,HOU
401869189,2026-04-18 22:00:00+00,ATL @ NY,STATUS_FINAL,NY,ATL
401869188,2026-04-18 19:30:00+00,MIN @ DEN,STATUS_FINAL,DEN,MIN
401869187,2026-04-18 17:00:00+00,TOR @ CLE,STATUS_FINAL,CLE,TOR
401866759,2026-04-18 02:00:00+00,GS @ PHX,STATUS_FINAL,PHX,GS
401866758,2026-04-17 23:30:00+00,CHA @ ORL,STATUS_FINAL,ORL,CHA
401866756,2026-04-16 02:00:00+00,GS @ LAC,STATUS_FINAL,LAC,GS
401866757,2026-04-15 23:30:00+00,ORL @ PHI,STATUS_FINAL,PHI,ORL
401866754,2026-04-15 02:00:00+00,POR @ PHX,STATUS_FINAL,PHX,POR
401866755,2026-04-14 23:30:00+00,MIA @ CHA,STATUS_FINAL,CHA,MIA
401811055,2026-04-13 00:30:00+00,SAC @ POR,STATUS_FINAL,POR,SAC
401811048,2026-04-13 00:30:00+00,CHI @ DAL,STATUS_FINAL,DAL,CHI
401811049,2026-04-13 00:30:00+00,MEM @ HOU,STATUS_FINAL,HOU,MEM
401811050,2026-04-13 00:30:00+00,NO @ MIN,STATUS_FINAL,MIN,NO
401811051,2026-04-13 00:30:00+00,PHX @ OKC,STATUS_FINAL,OKC,PHX
401811052,2026-04-13 00:30:00+00,DEN @ SA,STATUS_FINAL,SA,DEN
401811053,2026-04-13 00:30:00+00,UTAH @ LAL,STATUS_FINAL,LAL,UTAH
401811054,2026-04-13 00:30:00+00,GS @ LAC,STATUS_FINAL,LAC,GS
401811043,2026-04-12 22:00:00+00,DET @ IND,STATUS_FINAL,IND,DET
401811047,2026-04-12 22:00:00+00,BKN @ TOR,STATUS_FINAL,TOR,BKN
401811046,2026-04-12 22:00:00+00,MIL @ PHI,STATUS_FINAL,PHI,MIL
401811045,2026-04-12 22:00:00+00,CHA @ NY,STATUS_FINAL,NY,CHA
401811044,2026-04-12 22:00:00+00,ATL @ MIA,STATUS_FINAL,MIA,ATL
401811042,2026-04-12 22:00:00+00,WSH @ CLE,STATUS_FINAL,CLE,WSH
401811041,2026-04-12 22:00:00+00,ORL @ BOS,STATUS_FINAL,BOS,ORL
401811040,2026-04-11 02:30:00+00,PHX @ LAL,STATUS_FINAL,LAL,PHX
401811039,2026-04-11 02:00:00+00,GS @ SAC,STATUS_FINAL,SAC,GS
401811038,2026-04-11 02:00:00+00,LAC @ POR,STATUS_FINAL,POR,LAC
401811036,2026-04-11 01:30:00+00,MEM @ UTAH,STATUS_FINAL,UTAH,MEM
401811033,2026-04-11 01:30:00+00,MIN @ HOU,STATUS_FINAL,HOU,MIN
401811037,2026-04-11 01:00:00+00,OKC @ DEN,STATUS_FINAL,DEN,OKC
401811034,2026-04-11 00:00:00+00,BKN @ MIL,STATUS_FINAL,MIL,BKN
401811032,2026-04-11 00:00:00+00,ORL @ CHI,STATUS_FINAL,CHI,ORL
401811035,2026-04-11 00:00:00+00,DAL @ SA,STATUS_FINAL,SA,DAL
401811031,2026-04-10 23:30:00+00,TOR @ NY,STATUS_FINAL,NY,TOR
401811030,2026-04-10 23:30:00+00,PHI @ IND,STATUS_FINAL,IND,PHI
401811029,2026-04-10 23:30:00+00,NO @ BOS,STATUS_FINAL,BOS,NO
401811027,2026-04-10 23:00:00+00,MIA @ WSH,STATUS_FINAL,WSH,MIA
401811028,2026-04-10 23:00:00+00,CLE @ ATL,STATUS_FINAL,ATL,CLE
401811026,2026-04-10 23:00:00+00,DET @ CHA,STATUS_FINAL,CHA,DET
401811025,2026-04-10 02:00:00+00,LAL @ GS,STATUS_FINAL,GS,LAL
401811024,2026-04-10 00:00:00+00,PHI @ HOU,STATUS_FINAL,HOU,PHI
401811022,2026-04-09 23:30:00+00,IND @ BKN,STATUS_FINAL,BKN,IND
401811023,2026-04-09 23:30:00+00,BOS @ NY,STATUS_FINAL,NY,BOS
401811021,2026-04-09 23:00:00+00,CHI @ WSH,STATUS_FINAL,WSH,CHI
401811020,2026-04-09 23:00:00+00,MIA @ TOR,STATUS_FINAL,TOR,MIA
401811019,2026-04-09 02:00:00+00,DAL @ PHX,STATUS_FINAL,PHX,DAL
401811018,2026-04-09 02:00:00+00,OKC @ LAC,STATUS_FINAL,LAC,OKC
401811016,2026-04-09 01:30:00+00,POR @ SA,STATUS_FINAL,SA,POR
401811017,2026-04-09 01:00:00+00,MEM @ DEN,STATUS_FINAL,DEN,MEM
401811014,2026-04-08 23:00:00+00,MIN @ ORL,STATUS_FINAL,ORL,MIN
401811015,2026-04-08 23:00:00+00,MIL @ DET,STATUS_FINAL,DET,MIL
401811013,2026-04-08 23:00:00+00,ATL @ CLE,STATUS_FINAL,CLE,ATL
401811012,2026-04-08 03:00:00+00,HOU @ PHX,STATUS_FINAL,PHX,HOU
401811011,2026-04-08 02:30:00+00,DAL @ LAC,STATUS_FINAL,LAC,DAL
401811010,2026-04-08 02:30:00+00,OKC @ LAL,STATUS_FINAL,LAL,OKC
401811009,2026-04-08 02:00:00+00,SAC @ GS,STATUS_FINAL,GS,SAC
401811008,2026-04-08 00:00:00+00,UTAH @ NO,STATUS_FINAL,NO,UTAH
401811004,2026-04-08 00:00:00+00,CHA @ BOS,STATUS_FINAL,BOS,CHA
401811006,2026-04-07 23:30:00+00,MIA @ TOR,STATUS_FINAL,TOR,MIA
401811005,2026-04-07 23:30:00+00,MIL @ BKN,STATUS_FINAL,BKN,MIL
401811007,2026-04-07 23:00:00+00,MIN @ IND,STATUS_FINAL,IND,MIN
401811003,2026-04-07 23:00:00+00,CHI @ WSH,STATUS_FINAL,WSH,CHI
401811002,2026-04-07 01:00:00+00,POR @ DEN,STATUS_FINAL,DEN,POR
401811001,2026-04-07 00:00:00+00,PHI @ SA,STATUS_FINAL,SA,PHI
401811000,2026-04-07 00:00:00+00,CLE @ MEM,STATUS_FINAL,MEM,CLE
401810998,2026-04-06 23:00:00+00,NY @ ATL,STATUS_FINAL,ATL,NY
401810999,2026-04-06 23:00:00+00,DET @ ORL,STATUS_FINAL,ORL,DET
401810997,2026-04-06 02:00:00+00,HOU @ GS,STATUS_FINAL,GS,HOU
401810996,2026-04-06 01:00:00+00,LAC @ SAC,STATUS_FINAL,SAC,LAC
401810995,2026-04-05 23:30:00+00,LAL @ DAL,STATUS_FINAL,DAL,LAL
401810993,2026-04-05 23:00:00+00,ORL @ NO,STATUS_FINAL,NO,ORL
401810994,2026-04-05 23:00:00+00,UTAH @ OKC,STATUS_FINAL,OKC,UTAH
401810992,2026-04-05 23:00:00+00,CHA @ MIN,STATUS_FINAL,MIN,CHA
401810991,2026-04-05 22:00:00+00,IND @ CLE,STATUS_FINAL,CLE,IND
401810989,2026-04-05 19:30:00+00,PHX @ CHI,STATUS_FINAL,CHI,PHX
401810988,2026-04-05 19:30:00+00,WSH @ BKN,STATUS_FINAL,BKN,WSH
401810987,2026-04-05 19:30:00+00,TOR @ BOS,STATUS_FINAL,BOS,TOR
401810990,2026-04-05 19:30:00+00,MEM @ MIL,STATUS_FINAL,MIL,MEM
401810986,2026-04-04 23:00:00+00,DET @ PHI,STATUS_FINAL,PHI,DET
401810984,2026-04-04 19:00:00+00,WSH @ MIA,STATUS_FINAL,MIA,WSH
401810985,2026-04-04 19:00:00+00,SA @ DEN,STATUS_FINAL,DEN,SA
401810983,2026-04-04 02:00:00+00,NO @ SAC,STATUS_FINAL,SAC,NO
401810982,2026-04-04 00:30:00+00,ORL @ DAL,STATUS_FINAL,DAL,ORL
401810979,2026-04-04 00:00:00+00,UTAH @ HOU,STATUS_FINAL,HOU,UTAH
401810981,2026-04-04 00:00:00+00,BOS @ MIL,STATUS_FINAL,MIL,BOS
401810980,2026-04-04 00:00:00+00,TOR @ MEM,STATUS_FINAL,MEM,TOR
401810978,2026-04-03 23:30:00+00,CHI @ NY,STATUS_FINAL,NY,CHI
401810977,2026-04-03 23:30:00+00,ATL @ BKN,STATUS_FINAL,BKN,ATL
401810975,2026-04-03 23:00:00+00,IND @ CHA,STATUS_FINAL,CHA,IND
401810976,2026-04-03 23:00:00+00,MIN @ PHI,STATUS_FINAL,PHI,MIN
401810974,2026-04-03 02:30:00+00,SA @ LAC,STATUS_FINAL,LAC,SA
401810972,2026-04-03 02:00:00+00,CLE @ GS,STATUS_FINAL,GS,CLE
401810973,2026-04-03 02:00:00+00,NO @ POR,STATUS_FINAL,POR,NO
401810971,2026-04-03 01:30:00+00,LAL @ OKC,STATUS_FINAL,OKC,LAL
401810969,2026-04-02 23:00:00+00,PHX @ CHA,STATUS_FINAL,CHA,PHX
401810970,2026-04-02 23:00:00+00,MIN @ DET,STATUS_FINAL,DET,MIN
401810968,2026-04-02 02:00:00+00,SA @ GS,STATUS_FINAL,GS,SA
401810967,2026-04-02 01:00:00+00,DEN @ UTAH,STATUS_FINAL,UTAH,DEN
401810965,2026-04-02 00:00:00+00,MIL @ HOU,STATUS_FINAL,HOU,MIL
401810963,2026-04-02 00:00:00+00,SAC @ TOR,STATUS_FINAL,TOR,SAC
401810858,2026-04-02 00:00:00+00,NY @ MEM,STATUS_FINAL,MEM,NY
401810964,2026-04-02 00:00:00+00,IND @ CHI,STATUS_FINAL,CHI,IND
401810961,2026-04-01 23:30:00+00,BOS @ MIA,STATUS_FINAL,MIA,BOS
401810960,2026-04-01 23:00:00+00,PHI @ WSH,STATUS_FINAL,WSH,PHI
401810962,2026-04-01 23:00:00+00,ATL @ ORL,STATUS_FINAL,ORL,ATL
401810959,2026-04-01 03:00:00+00,POR @ LAC,STATUS_FINAL,LAC,POR
401810958,2026-04-01 02:30:00+00,CLE @ LAL,STATUS_FINAL,LAL,CLE
401810956,2026-04-01 00:00:00+00,TOR @ DET,STATUS_FINAL,DET,TOR
401858694,2026-04-01 00:00:00+00,DAL @ MIL,STATUS_FINAL,MIL,DAL
401810957,2026-04-01 00:00:00+00,NY @ HOU,STATUS_FINAL,HOU,NY
401810955,2026-03-31 23:30:00+00,CHA @ BKN,STATUS_FINAL,BKN,CHA
401810954,2026-03-31 23:00:00+00,PHX @ ORL,STATUS_FINAL,ORL,PHX
401810953,2026-03-31 02:00:00+00,WSH @ LAL,STATUS_FINAL,LAL,WSH
401810952,2026-03-31 01:30:00+00,DET @ OKC,STATUS_FINAL,OKC,DET
401810951,2026-03-31 01:00:00+00,CLE @ UTAH,STATUS_FINAL,UTAH,CLE
401810950,2026-03-31 00:30:00+00,MIN @ DAL,STATUS_FINAL,DAL,MIN
401810949,2026-03-31 00:00:00+00,CHI @ SA,STATUS_FINAL,SA,CHI
401810948,2026-03-31 00:00:00+00,PHX @ MEM,STATUS_FINAL,MEM,PHX
401810947,2026-03-30 23:30:00+00,BOS @ ATL,STATUS_FINAL,ATL,BOS
401810946,2026-03-30 23:00:00+00,PHI @ MIA,STATUS_FINAL,MIA,PHI
401810945,2026-03-30 02:00:00+00,GS @ DEN,STATUS_FINAL,DEN,GS
401810944,2026-03-29 23:30:00+00,NY @ OKC,STATUS_FINAL,OKC,NY
401810943,2026-03-29 23:00:00+00,HOU @ NO,STATUS_FINAL,NO,HOU
401810939,2026-03-29 22:00:00+00,SAC @ BKN,STATUS_FINAL,BKN,SAC
401810942,2026-03-29 22:00:00+00,WSH @ POR,STATUS_FINAL,POR,WSH
401810941,2026-03-29 22:00:00+00,ORL @ TOR,STATUS_FINAL,TOR,ORL
401810940,2026-03-29 22:00:00+00,BOS @ CHA,STATUS_FINAL,CHA,BOS
401810938,2026-03-29 21:00:00+00,MIA @ IND,STATUS_FINAL,IND,MIA
401810937,2026-03-29 19:30:00+00,LAC @ MIL,STATUS_FINAL,MIL,LAC
401810936,2026-03-29 02:00:00+00,UTAH @ PHX,STATUS_FINAL,PHX,UTAH
401810934,2026-03-29 00:00:00+00,CHI @ MEM,STATUS_FINAL,MEM,CHI
401810933,2026-03-28 23:30:00+00,SAC @ ATL,STATUS_FINAL,ATL,SAC
401810932,2026-03-28 22:00:00+00,PHI @ CHA,STATUS_FINAL,CHA,PHI
401810935,2026-03-28 21:30:00+00,DET @ MIN,STATUS_FINAL,MIN,DET
401810931,2026-03-28 19:00:00+00,SA @ MIL,STATUS_FINAL,MIL,SA
401810930,2026-03-28 02:30:00+00,BKN @ LAL,STATUS_FINAL,LAL,BKN
401810928,2026-03-28 02:00:00+00,WSH @ GS,STATUS_FINAL,GS,WSH
401810929,2026-03-28 02:00:00+00,DAL @ POR,STATUS_FINAL,POR,DAL
401810927,2026-03-28 01:00:00+00,UTAH @ DEN,STATUS_FINAL,DEN,UTAH
401810926,2026-03-28 00:30:00+00,NO @ TOR,STATUS_FINAL,TOR,NO
401810925,2026-03-28 00:00:00+00,CHI @ OKC,STATUS_FINAL,OKC,CHI
401810924,2026-03-28 00:00:00+00,HOU @ MEM,STATUS_FINAL,MEM,HOU
401810923,2026-03-27 23:30:00+00,MIA @ CLE,STATUS_FINAL,CLE,MIA
401810922,2026-03-27 23:30:00+00,ATL @ BOS,STATUS_FINAL,BOS,ATL
401810921,2026-03-27 23:00:00+00,LAC @ IND,STATUS_FINAL,IND,LAC
401810919,2026-03-26 23:00:00+00,NO @ DET,STATUS_FINAL,DET,NO
401810920,2026-03-26 23:00:00+00,SAC @ ORL,STATUS_FINAL,ORL,SAC
401810918,2026-03-26 23:00:00+00,NY @ CHA,STATUS_FINAL,CHA,NY
401810917,2026-03-26 02:30:00+00,TOR @ LAC,STATUS_FINAL,LAC,TOR
401810915,2026-03-26 02:00:00+00,BKN @ GS,STATUS_FINAL,GS,BKN
401810914,2026-03-26 02:00:00+00,DAL @ DEN,STATUS_FINAL,DEN,DAL
401810916,2026-03-26 02:00:00+00,MIL @ POR,STATUS_FINAL,POR,MIL
401810913,2026-03-26 01:42:00+00,HOU @ MIN,STATUS_FINAL,MIN,HOU
401810912,2026-03-26 01:00:00+00,WSH @ UTAH,STATUS_FINAL,UTAH,WSH
401810911,2026-03-26 00:00:00+00,SA @ MEM,STATUS_FINAL,MEM,SA
401810910,2026-03-25 23:30:00+00,MIA @ CLE,STATUS_FINAL,CLE,MIA
401810909,2026-03-25 23:30:00+00,OKC @ BOS,STATUS_FINAL,BOS,OKC
401810908,2026-03-25 23:00:00+00,CHI @ PHI,STATUS_FINAL,PHI,CHI
401810907,2026-03-25 23:00:00+00,LAL @ IND,STATUS_FINAL,IND,LAL
401810906,2026-03-25 23:00:00+00,ATL @ DET,STATUS_FINAL,DET,ATL
401810905,2026-03-25 03:00:00+00,DEN @ PHX,STATUS_FINAL,PHX,DEN
401810904,2026-03-25 00:00:00+00,ORL @ CLE,STATUS_FINAL,CLE,ORL
401810903,2026-03-24 23:30:00+00,NO @ NY,STATUS_FINAL,NY,NO
401810902,2026-03-24 23:00:00+00,SAC @ CHA,STATUS_FINAL,CHA,SAC
401810901,2026-03-24 02:30:00+00,MIL @ LAC,STATUS_FINAL,LAC,MIL
401810900,2026-03-24 02:00:00+00,BKN @ POR,STATUS_FINAL,POR,BKN
401810899,2026-03-24 01:30:00+00,GS @ DAL,STATUS_FINAL,DAL,GS
401810898,2026-03-24 01:00:00+00,TOR @ UTAH,STATUS_FINAL,UTAH,TOR
401810897,2026-03-24 00:00:00+00,HOU @ CHI,STATUS_FINAL,CHI,HOU
401810892,2026-03-23 23:30:00+00,MEM @ ATL,STATUS_FINAL,ATL,MEM
401810894,2026-03-23 23:00:00+00,IND @ ORL,STATUS_FINAL,ORL,IND
401810895,2026-03-23 23:00:00+00,OKC @ PHI,STATUS_FINAL,PHI,OKC
401810893,2026-03-23 23:00:00+00,LAL @ DET,STATUS_FINAL,DET,LAL
401810896,2026-03-23 23:00:00+00,SA @ MIA,STATUS_FINAL,MIA,SA
401810891,2026-03-23 01:00:00+00,TOR @ PHX,STATUS_FINAL,PHX,TOR
401810890,2026-03-23 00:00:00+00,MIN @ BOS,STATUS_FINAL,BOS,MIN
401810889,2026-03-22 23:30:00+00,WSH @ NY,STATUS_FINAL,NY,WSH
401810888,2026-03-22 22:00:00+00,BKN @ SAC,STATUS_FINAL,SAC,BKN
401810887,2026-03-22 21:00:00+00,POR @ DEN,STATUS_FINAL,DEN,POR
401810886,2026-03-22 02:00:00+00,MIL @ PHX,STATUS_FINAL,PHX,MIL
401810885,2026-03-22 01:30:00+00,PHI @ UTAH,STATUS_FINAL,UTAH,PHI
401810884,2026-03-22 00:30:00+00,LAC @ DAL,STATUS_FINAL,DAL,LAC
401810882,2026-03-22 00:00:00+00,MIA @ HOU,STATUS_FINAL,HOU,MIA
401810883,2026-03-22 00:00:00+00,IND @ SA,STATUS_FINAL,SA,IND
401810881,2026-03-22 00:00:00+00,GS @ ATL,STATUS_FINAL,ATL,GS
401810878,2026-03-21 23:00:00+00,MEM @ CHA,STATUS_FINAL,CHA,MEM
401810880,2026-03-21 23:00:00+00,CLE @ NO,STATUS_FINAL,NO,CLE
401810879,2026-03-21 23:00:00+00,LAL @ ORL,STATUS_FINAL,ORL,LAL
401810877,2026-03-21 21:00:00+00,OKC @ WSH,STATUS_FINAL,WSH,OKC
401810876,2026-03-21 01:00:00+00,TOR @ DEN,STATUS_FINAL,DEN,TOR
401810875,2026-03-21 00:00:00+00,POR @ MIN,STATUS_FINAL,MIN,POR
401810873,2026-03-21 00:00:00+00,ATL @ HOU,STATUS_FINAL,HOU,ATL
401810874,2026-03-21 00:00:00+00,BOS @ MEM,STATUS_FINAL,MEM,BOS
401810871,2026-03-20 23:30:00+00,NY @ BKN,STATUS_FINAL,BKN,NY
401810872,2026-03-20 23:30:00+00,GS @ DET,STATUS_FINAL,DET,GS
401810870,2026-03-20 02:00:00+00,PHI @ SAC,STATUS_FINAL,SAC,PHI
401810869,2026-03-20 01:00:00+00,MIL @ UTAH,STATUS_FINAL,UTAH,MIL
401810865,2026-03-20 00:00:00+00,LAL @ MIA,STATUS_FINAL,MIA,LAL
401810868,2026-03-20 00:00:00+00,PHX @ SA,STATUS_FINAL,SA,PHX
401810867,2026-03-20 00:00:00+00,LAC @ NO,STATUS_FINAL,NO,LAC
401810866,2026-03-20 00:00:00+00,CLE @ CHI,STATUS_FINAL,CHI,CLE
401810864,2026-03-19 23:00:00+00,DET @ WSH,STATUS_FINAL,WSH,DET
401810863,2026-03-19 23:00:00+00,ORL @ CHA,STATUS_FINAL,CHA,ORL
401810862,2026-03-19 01:30:00+00,LAL @ HOU,STATUS_FINAL,HOU,LAL
401858693,2026-03-19 00:30:00+00,DEN @ MEM,STATUS_FINAL,MEM,DEN
401810861,2026-03-19 00:30:00+00,ATL @ DAL,STATUS_FINAL,DAL,ATL
401810857,2026-03-19 00:00:00+00,TOR @ CHI,STATUS_FINAL,CHI,TOR
401810859,2026-03-19 00:00:00+00,UTAH @ MIN,STATUS_FINAL,MIN,UTAH
401810860,2026-03-19 00:00:00+00,LAC @ NO,STATUS_FINAL,NO,LAC
401810856,2026-03-18 23:30:00+00,POR @ IND,STATUS_FINAL,IND,POR
401810855,2026-03-18 23:30:00+00,OKC @ BKN,STATUS_FINAL,BKN,OKC
401810854,2026-03-18 23:00:00+00,GS @ BOS,STATUS_FINAL,BOS,GS
401810852,2026-03-18 02:00:00+00,PHI @ DEN,STATUS_FINAL,DEN,PHI
401810853,2026-03-18 02:00:00+00,SA @ SAC,STATUS_FINAL,SAC,SA
401810851,2026-03-18 00:00:00+00,PHX @ MIN,STATUS_FINAL,MIN,PHX
401810850,2026-03-18 00:00:00+00,CLE @ MIL,STATUS_FINAL,MIL,CLE
401810849,2026-03-17 23:30:00+00,IND @ NY,STATUS_FINAL,NY,IND
401810846,2026-03-17 23:00:00+00,MIA @ CHA,STATUS_FINAL,CHA,MIA
401810848,2026-03-17 23:00:00+00,DET @ WSH,STATUS_FINAL,WSH,DET
401810847,2026-03-17 23:00:00+00,OKC @ ORL,STATUS_FINAL,ORL,OKC
401810845,2026-03-17 02:00:00+00,SA @ LAC,STATUS_FINAL,LAC,SA
401810844,2026-03-17 01:30:00+00,LAL @ HOU,STATUS_FINAL,HOU,LAL
401810842,2026-03-17 00:00:00+00,MEM @ CHI,STATUS_FINAL,CHI,MEM
401810843,2026-03-17 00:00:00+00,DAL @ NO,STATUS_FINAL,NO,DAL
401810841,2026-03-16 23:30:00+00,PHX @ BOS,STATUS_FINAL,BOS,PHX
401810840,2026-03-16 23:30:00+00,POR @ BKN,STATUS_FINAL,BKN,POR
401810838,2026-03-16 23:00:00+00,ORL @ ATL,STATUS_FINAL,ATL,ORL
401810839,2026-03-16 23:00:00+00,GS @ WSH,STATUS_FINAL,WSH,GS
401810837,2026-03-16 02:00:00+00,UTAH @ SAC,STATUS_FINAL,SAC,UTAH
401810836,2026-03-16 00:00:00+00,GS @ NY,STATUS_FINAL,NY,GS
401810835,2026-03-15 22:00:00+00,POR @ PHI,STATUS_FINAL,PHI,POR
401810834,2026-03-15 19:30:00+00,IND @ MIL,STATUS_FINAL,MIL,IND
401810833,2026-03-15 19:30:00+00,DET @ TOR,STATUS_FINAL,TOR,DET
401810832,2026-03-15 19:30:00+00,DAL @ CLE,STATUS_FINAL,CLE,DAL
401810831,2026-03-15 17:00:00+00,MIN @ OKC,STATUS_FINAL,OKC,MIN
401810830,2026-03-15 02:30:00+00,SAC @ LAC,STATUS_FINAL,LAC,SAC
401810829,2026-03-15 00:30:00+00,DEN @ LAL,STATUS_FINAL,LAL,DEN
401810827,2026-03-15 00:00:00+00,ORL @ MIA,STATUS_FINAL,MIA,ORL
401810826,2026-03-14 22:00:00+00,WSH @ BOS,STATUS_FINAL,BOS,WSH
401810828,2026-03-14 19:30:00+00,CHA @ SA,STATUS_FINAL,SA,CHA
401810825,2026-03-14 19:00:00+00,MIL @ ATL,STATUS_FINAL,ATL,MIL
401810824,2026-03-14 17:00:00+00,BKN @ PHI,STATUS_FINAL,PHI,BKN
401810823,2026-03-14 02:30:00+00,CHI @ LAC,STATUS_FINAL,LAC,CHI
401810821,2026-03-14 02:00:00+00,MIN @ GS,STATUS_FINAL,GS,MIN
401810822,2026-03-14 02:00:00+00,UTAH @ POR,STATUS_FINAL,POR,UTAH
401810819,2026-03-14 00:00:00+00,NO @ HOU,STATUS_FINAL,HOU,NO
401810816,2026-03-13 23:30:00+00,MEM @ DET,STATUS_FINAL,DET,MEM
401810820,2026-03-13 23:30:00+00,CLE @ DAL,STATUS_FINAL,DAL,CLE
401810818,2026-03-13 23:30:00+00,PHX @ TOR,STATUS_FINAL,TOR,PHX
401810817,2026-03-13 23:30:00+00,NY @ IND,STATUS_FINAL,IND,NY
401810815,2026-03-13 02:30:00+00,CHI @ LAL,STATUS_FINAL,LAL,CHI
401810814,2026-03-13 01:30:00+00,BOS @ OKC,STATUS_FINAL,OKC,BOS
401810813,2026-03-13 01:00:00+00,DEN @ SA,STATUS_FINAL,SA,DEN
401810966,2026-03-13 00:00:00+00,DAL @ MEM,STATUS_FINAL,MEM,DAL
401810812,2026-03-12 23:30:00+00,MIL @ MIA,STATUS_FINAL,MIA,MIL
401810811,2026-03-12 23:30:00+00,BKN @ ATL,STATUS_FINAL,ATL,BKN
401810809,2026-03-12 23:00:00+00,PHX @ IND,STATUS_FINAL,IND,PHX
401810810,2026-03-12 23:00:00+00,WSH @ ORL,STATUS_FINAL,ORL,WSH
401810808,2026-03-12 23:00:00+00,PHI @ DET,STATUS_FINAL,DET,PHI
401810807,2026-03-12 02:30:00+00,MIN @ LAC,STATUS_FINAL,LAC,MIN
401810805,2026-03-12 02:00:00+00,HOU @ DEN,STATUS_FINAL,DEN,HOU
401810806,2026-03-12 02:00:00+00,CHA @ SAC,STATUS_FINAL,SAC,CHA
401810804,2026-03-12 01:00:00+00,NY @ UTAH,STATUS_FINAL,UTAH,NY
401810803,2026-03-12 00:00:00+00,TOR @ NO,STATUS_FINAL,NO,TOR
401810802,2026-03-11 23:30:00+00,CLE @ ORL,STATUS_FINAL,ORL,CLE
401810801,2026-03-11 03:00:00+00,MIN @ LAL,STATUS_FINAL,LAL,MIN
401810798,2026-03-11 02:00:00+00,CHI @ GS,STATUS_FINAL,GS,CHI
401810800,2026-03-11 02:00:00+00,IND @ SAC,STATUS_FINAL,SAC,IND
401810799,2026-03-11 02:00:00+00,CHA @ POR,STATUS_FINAL,POR,CHA
401810797,2026-03-11 00:00:00+00,BOS @ SA,STATUS_FINAL,SA,BOS
401810795,2026-03-11 00:00:00+00,TOR @ HOU,STATUS_FINAL,HOU,TOR
401810796,2026-03-11 00:00:00+00,PHX @ MIL,STATUS_FINAL,MIL,PHX
401810793,2026-03-10 23:30:00+00,WSH @ MIA,STATUS_FINAL,MIA,WSH
401810792,2026-03-10 23:30:00+00,DET @ BKN,STATUS_FINAL,BKN,DET
401810794,2026-03-10 23:30:00+00,DAL @ ATL,STATUS_FINAL,ATL,DAL
401810791,2026-03-10 23:00:00+00,MEM @ PHI,STATUS_FINAL,PHI,MEM
401810790,2026-03-10 02:00:00+00,NY @ LAC,STATUS_FINAL,LAC,NY
401810789,2026-03-10 01:00:00+00,GS @ UTAH,STATUS_FINAL,UTAH,GS
401810787,2026-03-09 23:30:00+00,MEM @ BKN,STATUS_FINAL,BKN,MEM
401810788,2026-03-09 23:30:00+00,DEN @ OKC,STATUS_FINAL,OKC,DEN
401810786,2026-03-09 23:00:00+00,PHI @ CLE,STATUS_FINAL,CLE,PHI
401810783,2026-03-09 02:00:00+00,CHA @ PHX,STATUS_FINAL,PHX,CHA
401810785,2026-03-09 01:00:00+00,CHI @ SAC,STATUS_FINAL,SAC,CHI
401810784,2026-03-09 01:00:00+00,IND @ POR,STATUS_FINAL,POR,IND
401810782,2026-03-09 00:00:00+00,HOU @ SA,STATUS_FINAL,SA,HOU
401810781,2026-03-09 00:00:00+00,ORL @ MIL,STATUS_FINAL,MIL,ORL
401810780,2026-03-08 23:00:00+00,WSH @ NO,STATUS_FINAL,NO,WSH
401810778,2026-03-08 22:00:00+00,DET @ MIA,STATUS_FINAL,MIA,DET
401810779,2026-03-08 22:00:00+00,DAL @ TOR,STATUS_FINAL,TOR,DAL
401810777,2026-03-08 19:30:00+00,NY @ LAL,STATUS_FINAL,LAL,NY
401810776,2026-03-08 17:00:00+00,BOS @ CLE,STATUS_FINAL,CLE,BOS
401810775,2026-03-08 01:30:00+00,GS @ OKC,STATUS_FINAL,OKC,GS
401810774,2026-03-08 01:00:00+00,UTAH @ MIL,STATUS_FINAL,MIL,UTAH
401810773,2026-03-08 01:00:00+00,LAC @ MEM,STATUS_FINAL,MEM,LAC
401810772,2026-03-07 23:00:00+00,PHI @ ATL,STATUS_FINAL,ATL,PHI
401810771,2026-03-07 23:00:00+00,BKN @ DET,STATUS_FINAL,DET,BKN
401810770,2026-03-07 20:00:00+00,ORL @ MIN,STATUS_FINAL,MIN,ORL
401810769,2026-03-07 03:30:00+00,IND @ LAL,STATUS_FINAL,LAL,IND
401810768,2026-03-07 02:30:00+00,LAC @ SA,STATUS_FINAL,SA,LAC
401810767,2026-03-07 02:00:00+00,NO @ PHX,STATUS_FINAL,PHX,NO
401810766,2026-03-07 02:00:00+00,NY @ DEN,STATUS_FINAL,DEN,NY
401810765,2026-03-07 01:00:00+00,POR @ HOU,STATUS_FINAL,HOU,POR
401810763,2026-03-07 00:00:00+00,DAL @ BOS,STATUS_FINAL,BOS,DAL
401810764,2026-03-07 00:00:00+00,MIA @ CHA,STATUS_FINAL,CHA,MIA
401810762,2026-03-06 03:00:00+00,NO @ SAC,STATUS_FINAL,SAC,NO
401810761,2026-03-06 03:00:00+00,LAL @ DEN,STATUS_FINAL,DEN,LAL
401810760,2026-03-06 02:00:00+00,CHI @ PHX,STATUS_FINAL,PHX,CHI
401810759,2026-03-06 01:00:00+00,DET @ SA,STATUS_FINAL,SA,DET
401810758,2026-03-06 01:00:00+00,TOR @ MIN,STATUS_FINAL,MIN,TOR
401810756,2026-03-06 00:30:00+00,BKN @ MIA,STATUS_FINAL,MIA,BKN
401810757,2026-03-06 00:30:00+00,GS @ HOU,STATUS_FINAL,HOU,GS
401810755,2026-03-06 00:00:00+00,UTAH @ WSH,STATUS_FINAL,WSH,UTAH
401810754,2026-03-06 00:00:00+00,DAL @ ORL,STATUS_FINAL,ORL,DAL
401810753,2026-03-05 03:30:00+00,IND @ LAC,STATUS_FINAL,LAC,IND
401810752,2026-03-05 02:30:00+00,ATL @ MIL,STATUS_FINAL,MIL,ATL
401810751,2026-03-05 01:00:00+00,POR @ MEM,STATUS_FINAL,MEM,POR
401810749,2026-03-05 00:30:00+00,CHA @ BOS,STATUS_FINAL,BOS,CHA
401810750,2026-03-05 00:30:00+00,UTAH @ PHI,STATUS_FINAL,PHI,UTAH
401810748,2026-03-05 00:00:00+00,OKC @ NY,STATUS_FINAL,NY,OKC
401810747,2026-03-04 04:00:00+00,PHX @ SAC,STATUS_FINAL,SAC,PHX
401810746,2026-03-04 03:30:00+00,NO @ LAL,STATUS_FINAL,LAL,NO
401810743,2026-03-04 01:00:00+00,SA @ PHI,STATUS_FINAL,PHI,SA
401810745,2026-03-04 01:00:00+00,MEM @ MIN,STATUS_FINAL,MIN,MEM
401810744,2026-03-04 01:00:00+00,OKC @ CHI,STATUS_FINAL,CHI,OKC
401810742,2026-03-04 00:30:00+00,NY @ TOR,STATUS_FINAL,TOR,NY
401810741,2026-03-04 00:30:00+00,BKN @ MIA,STATUS_FINAL,MIA,BKN
401810739,2026-03-04 00:00:00+00,DET @ CLE,STATUS_FINAL,CLE,DET
401810738,2026-03-04 00:00:00+00,DAL @ CHA,STATUS_FINAL,CHA,DAL
401810740,2026-03-04 00:00:00+00,WSH @ ORL,STATUS_FINAL,ORL,WSH
401810737,2026-03-03 03:00:00+00,LAC @ GS,STATUS_FINAL,GS,LAC
401810736,2026-03-03 02:00:00+00,DEN @ UTAH,STATUS_FINAL,UTAH,DEN
401810735,2026-03-03 00:30:00+00,BOS @ MIL,STATUS_FINAL,MIL,BOS
401810734,2026-03-03 00:00:00+00,HOU @ WSH,STATUS_FINAL,WSH,HOU
401810733,2026-03-02 02:30:00+00,SAC @ LAL,STATUS_FINAL,LAL,SAC
401810732,2026-03-02 02:00:00+00,NO @ LAC,STATUS_FINAL,LAC,NO
401810731,2026-03-02 01:00:00+00,OKC @ DAL,STATUS_FINAL,DAL,OKC
401810729,2026-03-02 01:00:00+00,PHI @ BOS,STATUS_FINAL,BOS,PHI
401810728,2026-03-01 23:00:00+00,POR @ ATL,STATUS_FINAL,ATL,POR
401810730,2026-03-01 23:00:00+00,DET @ ORL,STATUS_FINAL,ORL,DET
401810727,2026-03-01 22:00:00+00,MEM @ IND,STATUS_FINAL,IND,MEM
401810724,2026-03-01 20:30:00+00,CLE @ BKN,STATUS_FINAL,BKN,CLE
401810725,2026-03-01 20:30:00+00,MIL @ CHI,STATUS_FINAL,CHI,MIL
401810726,2026-03-01 20:30:00+00,MIN @ DEN,STATUS_FINAL,DEN,MIN
401810723,2026-03-01 18:00:00+00,SA @ NY,STATUS_FINAL,NY,SA
401810722,2026-03-01 02:30:00+00,NO @ UTAH,STATUS_FINAL,UTAH,NO
401810721,2026-03-01 01:30:00+00,LAL @ GS,STATUS_FINAL,GS,LAL
401810720,2026-03-01 00:00:00+00,TOR @ WSH,STATUS_FINAL,WSH,TOR
401810719,2026-02-28 20:30:00+00,HOU @ MIA,STATUS_FINAL,MIA,HOU
401810718,2026-02-28 18:00:00+00,POR @ CHA,STATUS_FINAL,CHA,POR
401810717,2026-02-28 02:47:00+00,DEN @ OKC,STATUS_FINAL,OKC,DEN
401810716,2026-02-28 01:30:00+00,MEM @ DAL,STATUS_FINAL,DAL,MEM
401810715,2026-02-28 01:00:00+00,NY @ MIL,STATUS_FINAL,MIL,NY
401810714,2026-02-28 00:30:00+00,BKN @ BOS,STATUS_FINAL,BOS,BKN
401810713,2026-02-28 00:00:00+00,CLE @ DET,STATUS_FINAL,DET,CLE
401810712,2026-02-27 03:00:00+00,MIN @ LAC,STATUS_FINAL,LAC,MIN
401810710,2026-02-27 02:00:00+00,LAL @ PHX,STATUS_FINAL,PHX,LAL
401810711,2026-02-27 02:00:00+00,NO @ UTAH,STATUS_FINAL,UTAH,NO
401810709,2026-02-27 01:30:00+00,SAC @ DAL,STATUS_FINAL,DAL,SAC
401810708,2026-02-27 01:00:00+00,POR @ CHI,STATUS_FINAL,CHI,POR
401810705,2026-02-27 00:30:00+00,WSH @ ATL,STATUS_FINAL,ATL,WSH
401810706,2026-02-27 00:30:00+00,SA @ BKN,STATUS_FINAL,BKN,SA
401810707,2026-02-27 00:30:00+00,HOU @ ORL,STATUS_FINAL,ORL,HOU
401810704,2026-02-27 00:00:00+00,MIA @ PHI,STATUS_FINAL,PHI,MIA
401810703,2026-02-27 00:00:00+00,CHA @ IND,STATUS_FINAL,IND,CHA
401810702,2026-02-26 03:00:00+00,BOS @ DEN,STATUS_FINAL,DEN,BOS
401810701,2026-02-26 01:00:00+00,CLE @ MIL,STATUS_FINAL,MIL,CLE
401810700,2026-02-26 01:00:00+00,SAC @ HOU,STATUS_FINAL,HOU,SAC
401810697,2026-02-26 00:30:00+00,OKC @ DET,STATUS_FINAL,DET,OKC
401810698,2026-02-26 00:30:00+00,SA @ TOR,STATUS_FINAL,TOR,SA
401810699,2026-02-26 00:30:00+00,GS @ MEM,STATUS_FINAL,MEM,GS
401810695,2026-02-25 03:30:00+00,ORL @ LAL,STATUS_FINAL,LAL,ORL
401810696,2026-02-25 03:00:00+00,MIN @ POR,STATUS_FINAL,POR,MIN
401810694,2026-02-25 02:00:00+00,BOS @ PHX,STATUS_FINAL,PHX,BOS
401810693,2026-02-25 01:00:00+00,GS @ NO,STATUS_FINAL,NO,GS
401810692,2026-02-25 01:00:00+00,MIA @ MIL,STATUS_FINAL,MIL,MIA
401810691,2026-02-25 01:00:00+00,CHA @ CHI,STATUS_FINAL,CHI,CHA
401810688,2026-02-25 00:30:00+00,DAL @ BKN,STATUS_FINAL,BKN,DAL
401810690,2026-02-25 00:30:00+00,NY @ CLE,STATUS_FINAL,CLE,NY
401810689,2026-02-25 00:30:00+00,OKC @ TOR,STATUS_FINAL,TOR,OKC
401810687,2026-02-25 00:30:00+00,WSH @ ATL,STATUS_FINAL,ATL,WSH
401810686,2026-02-25 00:00:00+00,PHI @ IND,STATUS_FINAL,IND,PHI
401810685,2026-02-24 02:30:00+00,UTAH @ HOU,STATUS_FINAL,HOU,UTAH
401810684,2026-02-24 01:00:00+00,SAC @ MEM,STATUS_FINAL,MEM,SAC
401810683,2026-02-24 00:00:00+00,SA @ DET,STATUS_FINAL,DET,SA
401810682,2026-02-23 02:00:00+00,ORL @ LAC,STATUS_FINAL,LAC,ORL
401810680,2026-02-23 01:00:00+00,NY @ CHI,STATUS_FINAL,CHI,NY
401810681,2026-02-23 01:00:00+00,POR @ PHX,STATUS_FINAL,PHX,POR
401810679,2026-02-23 00:00:00+00,PHI @ MIN,STATUS_FINAL,MIN,PHI
401810678,2026-02-22 23:30:00+00,BOS @ LAL,STATUS_FINAL,LAL,BOS
401810677,2026-02-22 23:00:00+00,CHA @ WSH,STATUS_FINAL,WSH,CHA
401810676,2026-02-22 22:00:00+00,DAL @ IND,STATUS_FINAL,IND,DAL
401810674,2026-02-22 20:30:00+00,TOR @ MIL,STATUS_FINAL,MIL,TOR
401810673,2026-02-22 20:30:00+00,BKN @ ATL,STATUS_FINAL,ATL,BKN
401810675,2026-02-22 20:30:00+00,DEN @ GS,STATUS_FINAL,GS,DEN
401810672,2026-02-22 18:00:00+00,CLE @ OKC,STATUS_FINAL,OKC,CLE
401810671,2026-02-22 01:30:00+00,HOU @ NY,STATUS_FINAL,NY,HOU
401810669,2026-02-22 01:00:00+00,DET @ CHI,STATUS_FINAL,CHI,DET
401810670,2026-02-22 01:00:00+00,SAC @ SA,STATUS_FINAL,SA,SAC
401810668,2026-02-22 01:00:00+00,MEM @ MIA,STATUS_FINAL,MIA,MEM
401810667,2026-02-22 00:00:00+00,PHI @ NO,STATUS_FINAL,NO,PHI
401810666,2026-02-21 22:00:00+00,ORL @ PHX,STATUS_FINAL,PHX,ORL
401810664,2026-02-21 03:15:00+00,LAC @ LAL,STATUS_FINAL,LAL,LAC
401810665,2026-02-21 03:00:00+00,DEN @ POR,STATUS_FINAL,POR,DEN
401810663,2026-02-21 01:00:00+00,BKN @ OKC,STATUS_FINAL,OKC,BKN
401810662,2026-02-21 01:00:00+00,MIL @ NO,STATUS_FINAL,NO,MIL
401810661,2026-02-21 00:30:00+00,DAL @ MIN,STATUS_FINAL,MIN,DAL
401810660,2026-02-21 00:30:00+00,MIA @ ATL,STATUS_FINAL,ATL,MIA
401810657,2026-02-21 00:00:00+00,CLE @ CHA,STATUS_FINAL,CHA,CLE
401810659,2026-02-21 00:00:00+00,UTAH @ MEM,STATUS_FINAL,MEM,UTAH
401810658,2026-02-21 00:00:00+00,IND @ WSH,STATUS_FINAL,WSH,IND
401810656,2026-02-20 03:30:00+00,DEN @ LAC,STATUS_FINAL,LAC,DEN
401810655,2026-02-20 03:00:00+00,ORL @ SAC,STATUS_FINAL,SAC,ORL
401810654,2026-02-20 03:00:00+00,BOS @ GS,STATUS_FINAL,GS,BOS
401810653,2026-02-20 01:30:00+00,PHX @ SA,STATUS_FINAL,SA,PHX
401810652,2026-02-20 01:00:00+00,TOR @ CHI,STATUS_FINAL,CHI,TOR
401810651,2026-02-20 00:30:00+00,DET @ NY,STATUS_FINAL,NY,DET
401810650,2026-02-20 00:00:00+00,IND @ WSH,STATUS_FINAL,WSH,IND
401810647,2026-02-20 00:00:00+00,HOU @ CHA,STATUS_FINAL,CHA,HOU
401810648,2026-02-20 00:00:00+00,BKN @ CLE,STATUS_FINAL,CLE,BKN
401810649,2026-02-20 00:00:00+00,ATL @ PHI,STATUS_FINAL,PHI,ATL
401838143,2026-02-16 00:10:00+00,STARS @ STRIPES,STATUS_FINAL,STRIPES,STARS
401838142,2026-02-15 23:25:00+00,WORLD @ STRIPES,STATUS_FINAL,STRIPES,WORLD
401838141,2026-02-15 22:55:00+00,STARS @ STRIPES,STATUS_FINAL,STRIPES,STARS
401838140,2026-02-15 22:00:00+00,WORLD @ STARS,STATUS_FINAL,STARS,WORLD
401810646,2026-02-13 03:00:00+00,DAL @ LAL,STATUS_FINAL,LAL,DAL
401810645,2026-02-13 02:00:00+00,POR @ UTAH,STATUS_FINAL,UTAH,POR
401810644,2026-02-13 00:30:00+00,MIL @ OKC,STATUS_FINAL,OKC,MIL
401810643,2026-02-12 03:00:00+00,SA @ GS,STATUS_FINAL,GS,SA
401810642,2026-02-12 02:00:00+00,MEM @ DEN,STATUS_FINAL,DEN,MEM
401810641,2026-02-12 02:00:00+00,SAC @ UTAH,STATUS_FINAL,UTAH,SAC
401810640,2026-02-12 02:00:00+00,OKC @ PHX,STATUS_FINAL,PHX,OKC
401810637,2026-02-12 01:00:00+00,LAC @ HOU,STATUS_FINAL,HOU,LAC
401810639,2026-02-12 01:00:00+00,MIA @ NO,STATUS_FINAL,NO,MIA
401810638,2026-02-12 01:00:00+00,POR @ MIN,STATUS_FINAL,MIN,POR
401810634,2026-02-12 00:30:00+00,IND @ BKN,STATUS_FINAL,BKN,IND
401810636,2026-02-12 00:30:00+00,DET @ TOR,STATUS_FINAL,TOR,DET
401810635,2026-02-12 00:30:00+00,NY @ PHI,STATUS_FINAL,PHI,NY
401810633,2026-02-12 00:30:00+00,CHI @ BOS,STATUS_FINAL,BOS,CHI
401810630,2026-02-12 00:00:00+00,ATL @ CHA,STATUS_FINAL,CHA,ATL
401810632,2026-02-12 00:00:00+00,MIL @ ORL,STATUS_FINAL,ORL,MIL
401810631,2026-02-12 00:00:00+00,WSH @ CLE,STATUS_FINAL,CLE,WSH
401810629,2026-02-11 03:30:00+00,SA @ LAL,STATUS_FINAL,LAL,SA
401810628,2026-02-11 02:00:00+00,DAL @ PHX,STATUS_FINAL,PHX,DAL
401810627,2026-02-11 01:00:00+00,LAC @ HOU,STATUS_FINAL,HOU,LAC
401810626,2026-02-11 00:30:00+00,IND @ NY,STATUS_FINAL,NY,IND
401810625,2026-02-10 03:00:00+00,PHI @ POR,STATUS_FINAL,POR,PHI
401810624,2026-02-10 03:00:00+00,OKC @ LAL,STATUS_FINAL,LAL,OKC
401810623,2026-02-10 03:00:00+00,MEM @ GS,STATUS_FINAL,GS,MEM
401810622,2026-02-10 02:00:00+00,CLE @ DEN,STATUS_FINAL,DEN,CLE
401810621,2026-02-10 01:00:00+00,SAC @ NO,STATUS_FINAL,NO,SAC
401810620,2026-02-10 01:00:00+00,ATL @ MIN,STATUS_FINAL,MIN,ATL
401810617,2026-02-10 00:30:00+00,CHI @ BKN,STATUS_FINAL,BKN,CHI
401810619,2026-02-10 00:30:00+00,MIL @ ORL,STATUS_FINAL,ORL,MIL
401810618,2026-02-10 00:30:00+00,UTAH @ MIA,STATUS_FINAL,MIA,UTAH
401810616,2026-02-10 00:00:00+00,DET @ CHA,STATUS_FINAL,CHA,DET
401810615,2026-02-08 20:00:00+00,LAC @ MIN,STATUS_FINAL,MIN,LAC
401810614,2026-02-08 20:00:00+00,IND @ TOR,STATUS_FINAL,TOR,IND
401810613,2026-02-08 19:00:00+00,MIA @ WSH,STATUS_FINAL,WSH,MIA
401810612,2026-02-08 17:30:00+00,NY @ BOS,STATUS_FINAL,BOS,NY
401810611,2026-02-08 03:00:00+00,CLE @ SAC,STATUS_FINAL,SAC,CLE
401810610,2026-02-08 03:00:00+00,MEM @ POR,STATUS_FINAL,POR,MEM
401810609,2026-02-08 02:00:00+00,PHI @ PHX,STATUS_FINAL,PHX,PHI
401810608,2026-02-08 01:30:00+00,GS @ LAL,STATUS_FINAL,LAL,GS
401810607,2026-02-08 01:00:00+00,DEN @ CHI,STATUS_FINAL,CHI,DEN
401810606,2026-02-08 00:30:00+00,CHA @ ATL,STATUS_FINAL,ATL,CHA
401810605,2026-02-08 00:00:00+00,UTAH @ ORL,STATUS_FINAL,ORL,UTAH
401810604,2026-02-07 23:00:00+00,DAL @ SA,STATUS_FINAL,SA,DAL
401810603,2026-02-07 20:30:00+00,HOU @ OKC,STATUS_FINAL,OKC,HOU
401810602,2026-02-07 20:00:00+00,WSH @ BKN,STATUS_FINAL,BKN,WSH
401810601,2026-02-07 03:00:00+00,LAC @ SAC,STATUS_FINAL,SAC,LAC
401810600,2026-02-07 03:00:00+00,MEM @ POR,STATUS_FINAL,POR,MEM
401810599,2026-02-07 01:00:00+00,NO @ MIN,STATUS_FINAL,MIN,NO
401810598,2026-02-07 01:00:00+00,IND @ MIL,STATUS_FINAL,MIL,IND
401810597,2026-02-07 00:30:00+00,NY @ DET,STATUS_FINAL,DET,NY
401810596,2026-02-07 00:30:00+00,MIA @ BOS,STATUS_FINAL,BOS,MIA
401810595,2026-02-06 03:00:00+00,PHI @ LAL,STATUS_FINAL,LAL,PHI
401810594,2026-02-06 03:00:00+00,GS @ PHX,STATUS_FINAL,PHX,GS
401810593,2026-02-06 01:30:00+00,SA @ DAL,STATUS_FINAL,DAL,SA
401810592,2026-02-06 01:00:00+00,CHA @ HOU,STATUS_FINAL,HOU,CHA
401810590,2026-02-06 00:30:00+00,UTAH @ ATL,STATUS_FINAL,ATL,UTAH
401810591,2026-02-06 00:30:00+00,CHI @ TOR,STATUS_FINAL,TOR,CHI
401810588,2026-02-06 00:00:00+00,WSH @ DET,STATUS_FINAL,DET,WSH
401810589,2026-02-06 00:00:00+00,BKN @ ORL,STATUS_FINAL,ORL,BKN
401810587,2026-02-05 03:30:00+00,CLE @ LAC,STATUS_FINAL,LAC,CLE
401810586,2026-02-05 03:00:00+00,MEM @ SAC,STATUS_FINAL,SAC,MEM
401810585,2026-02-05 02:30:00+00,OKC @ SA,STATUS_FINAL,SA,OKC
401810583,2026-02-05 01:00:00+00,BOS @ HOU,STATUS_FINAL,HOU,BOS
401810584,2026-02-05 01:00:00+00,NO @ MIL,STATUS_FINAL,MIL,NO
401810582,2026-02-05 00:30:00+00,MIN @ TOR,STATUS_FINAL,TOR,MIN
401810581,2026-02-05 00:00:00+00,DEN @ NY,STATUS_FINAL,NY,DEN
401810580,2026-02-04 04:00:00+00,PHX @ POR,STATUS_FINAL,POR,PHX
401810579,2026-02-04 03:00:00+00,PHI @ GS,STATUS_FINAL,GS,PHI
401810577,2026-02-04 01:00:00+00,CHI @ MIL,STATUS_FINAL,MIL,CHI
401810578,2026-02-04 01:00:00+00,ORL @ OKC,STATUS_FINAL,OKC,ORL
401810576,2026-02-04 01:00:00+00,BOS @ DAL,STATUS_FINAL,DAL,BOS
401810575,2026-02-04 00:30:00+00,ATL @ MIA,STATUS_FINAL,MIA,ATL
401810574,2026-02-04 00:30:00+00,LAL @ BKN,STATUS_FINAL,BKN,LAL
401810571,2026-02-04 00:00:00+00,DEN @ DET,STATUS_FINAL,DET,DEN
401810573,2026-02-04 00:00:00+00,NY @ WSH,STATUS_FINAL,WSH,NY
401810572,2026-02-04 00:00:00+00,UTAH @ IND,STATUS_FINAL,IND,UTAH
401810570,2026-02-03 03:00:00+00,PHI @ LAC,STATUS_FINAL,LAC,PHI
401810569,2026-02-03 00:30:00+00,MIN @ MEM,STATUS_FINAL,MEM,MIN
401810568,2026-02-03 00:00:00+00,HOU @ IND,STATUS_FINAL,IND,HOU
401810567,2026-02-02 20:00:00+00,NO @ CHA,STATUS_FINAL,CHA,NO
401810566,2026-02-02 02:30:00+00,OKC @ DEN,STATUS_FINAL,DEN,OKC
401810558,2026-02-02 02:00:00+00,ORL @ SA,STATUS_FINAL,SA,ORL
401810565,2026-02-02 02:00:00+00,CLE @ POR,STATUS_FINAL,POR,CLE
401810564,2026-02-02 01:00:00+00,LAC @ PHX,STATUS_FINAL,PHX,LAC
401810563,2026-02-02 00:00:00+00,LAL @ NY,STATUS_FINAL,NY,LAL
401810562,2026-02-01 23:00:00+00,SAC @ WSH,STATUS_FINAL,WSH,SAC
401810561,2026-02-01 23:00:00+00,UTAH @ TOR,STATUS_FINAL,TOR,UTAH
401810560,2026-02-01 23:00:00+00,CHI @ MIA,STATUS_FINAL,MIA,CHI
401810559,2026-02-01 23:00:00+00,BKN @ DET,STATUS_FINAL,DET,BKN
401810557,2026-02-01 20:30:00+00,MIL @ BOS,STATUS_FINAL,BOS,MIL
401810556,2026-02-01 01:30:00+00,DAL @ HOU,STATUS_FINAL,HOU,DAL
401810547,2026-02-01 01:00:00+00,CHI @ MIA,STATUS_FINAL,MIA,CHI
401810555,2026-02-01 01:00:00+00,MIN @ MEM,STATUS_FINAL,MEM,MIN
401810554,2026-02-01 00:30:00+00,NO @ PHI,STATUS_FINAL,PHI,NO
401810553,2026-02-01 00:00:00+00,ATL @ IND,STATUS_FINAL,IND,ATL
401810552,2026-01-31 17:00:00+00,SA @ CHA,STATUS_FINAL,CHA,SA
401810551,2026-01-31 03:00:00+00,DET @ GS,STATUS_FINAL,GS,DET
401810549,2026-01-31 02:30:00+00,BKN @ UTAH,STATUS_FINAL,UTAH,BKN
401810550,2026-01-31 02:00:00+00,LAC @ DEN,STATUS_FINAL,DEN,LAC
401810548,2026-01-31 02:00:00+00,CLE @ PHX,STATUS_FINAL,PHX,CLE
401810544,2026-01-31 00:30:00+00,SAC @ BOS,STATUS_FINAL,BOS,SAC
401810542,2026-01-31 00:30:00+00,TOR @ ORL,STATUS_FINAL,ORL,TOR
401810546,2026-01-31 00:30:00+00,MEM @ NO,STATUS_FINAL,NO,MEM
401810545,2026-01-31 00:30:00+00,POR @ NY,STATUS_FINAL,NY,POR
401810543,2026-01-31 00:00:00+00,LAL @ WSH,STATUS_FINAL,WSH,LAL
401810541,2026-01-30 02:30:00+00,OKC @ MIN,STATUS_FINAL,MIN,OKC
401810539,2026-01-30 02:00:00+00,BKN @ DEN,STATUS_FINAL,DEN,BKN
401810540,2026-01-30 02:00:00+00,DET @ PHX,STATUS_FINAL,PHX,DET
401810538,2026-01-30 01:30:00+00,CHA @ DAL,STATUS_FINAL,DAL,CHA
401810537,2026-01-30 01:00:00+00,HOU @ ATL,STATUS_FINAL,ATL,HOU
401850920,2026-01-30 01:00:00+00,MIA @ CHI,STATUS_FINAL,CHI,MIA
401810536,2026-01-30 00:00:00+00,MIL @ WSH,STATUS_FINAL,WSH,MIL
401810535,2026-01-30 00:00:00+00,SAC @ PHI,STATUS_FINAL,PHI,SAC
401810534,2026-01-29 02:42:00+00,SA @ HOU,STATUS_FINAL,HOU,SA
401810533,2026-01-29 02:00:00+00,GS @ UTAH,STATUS_FINAL,UTAH,GS
401810532,2026-01-29 01:30:00+00,MIN @ DAL,STATUS_FINAL,DAL,MIN
401810531,2026-01-29 01:00:00+00,CHA @ MEM,STATUS_FINAL,MEM,CHA
401810530,2026-01-29 00:30:00+00,NY @ TOR,STATUS_FINAL,TOR,NY
401810529,2026-01-29 00:30:00+00,ORL @ MIA,STATUS_FINAL,MIA,ORL
401810528,2026-01-29 00:30:00+00,ATL @ BOS,STATUS_FINAL,BOS,ATL
401810527,2026-01-29 00:00:00+00,CHI @ IND,STATUS_FINAL,IND,CHI
401810526,2026-01-29 00:00:00+00,LAL @ CLE,STATUS_FINAL,CLE,LAL
401810525,2026-01-28 03:00:00+00,LAC @ UTAH,STATUS_FINAL,UTAH,LAC
401810523,2026-01-28 02:00:00+00,DET @ DEN,STATUS_FINAL,DEN,DET
401810524,2026-01-28 02:00:00+00,BKN @ PHX,STATUS_FINAL,PHX,BKN
401810522,2026-01-28 01:00:00+00,NO @ OKC,STATUS_FINAL,OKC,NO
401810521,2026-01-28 01:00:00+00,MIL @ PHI,STATUS_FINAL,PHI,MIL
401810520,2026-01-28 00:30:00+00,SAC @ NY,STATUS_FINAL,NY,SAC
401810519,2026-01-28 00:00:00+00,POR @ WSH,STATUS_FINAL,WSH,POR
401810518,2026-01-27 02:30:00+00,GS @ MIN,STATUS_FINAL,MIN,GS
401810516,2026-01-27 01:00:00+00,LAL @ CHI,STATUS_FINAL,CHI,LAL
401810517,2026-01-27 01:00:00+00,MEM @ HOU,STATUS_FINAL,HOU,MEM
401810515,2026-01-27 01:00:00+00,POR @ BOS,STATUS_FINAL,BOS,POR
401810513,2026-01-27 00:00:00+00,ORL @ CLE,STATUS_FINAL,CLE,ORL
401810512,2026-01-26 20:00:00+00,PHI @ CHA,STATUS_FINAL,CHA,PHI
401810514,2026-01-26 18:30:00+00,IND @ ATL,STATUS_FINAL,ATL,IND
401810511,2026-01-26 02:00:00+00,BKN @ LAC,STATUS_FINAL,LAC,BKN
401810510,2026-01-26 01:00:00+00,MIA @ PHX,STATUS_FINAL,PHX,MIA
401810508,2026-01-26 00:00:00+00,TOR @ OKC,STATUS_FINAL,OKC,TOR
401810509,2026-01-26 00:00:00+00,NO @ SA,STATUS_FINAL,SA,NO
401810507,2026-01-26 00:00:00+00,DAL @ MIL,STATUS_POSTPONED,MIL,DAL
401857824,2026-01-25 22:30:00+00,GS @ MIN,STATUS_FINAL,MIN,GS
401810506,2026-01-25 20:30:00+00,DEN @ MEM,STATUS_POSTPONED,MEM,DEN
401810505,2026-01-25 20:00:00+00,SAC @ DET,STATUS_FINAL,DET,SAC
401810504,2026-01-25 02:30:00+00,MIA @ UTAH,STATUS_FINAL,UTAH,MIA
401810503,2026-01-25 01:30:00+00,LAL @ DAL,STATUS_FINAL,DAL,LAL
401810502,2026-01-25 01:00:00+00,BOS @ CHI,STATUS_FINAL,CHI,BOS
401810501,2026-01-25 00:00:00+00,CLE @ ORL,STATUS_FINAL,ORL,CLE
401810499,2026-01-24 22:30:00+00,GS @ MIN,STATUS_POSTPONED,MIN,GS
401810498,2026-01-24 20:00:00+00,NY @ PHI,STATUS_FINAL,PHI,NY
401810500,2026-01-24 17:00:00+00,WSH @ CHA,STATUS_FINAL,CHA,WSH
401810497,2026-01-24 03:00:00+00,TOR @ POR,STATUS_FINAL,POR,TOR
401810495,2026-01-24 02:30:00+00,DEN @ MIL,STATUS_FINAL,MIL,DEN
401810496,2026-01-24 01:00:00+00,IND @ OKC,STATUS_FINAL,OKC,IND
401810494,2026-01-24 01:00:00+00,NO @ MEM,STATUS_FINAL,MEM,NO
401810492,2026-01-24 00:30:00+00,BOS @ BKN,STATUS_FINAL,BKN,BOS
401810493,2026-01-24 00:30:00+00,SAC @ CLE,STATUS_FINAL,CLE,SAC
401810491,2026-01-24 00:30:00+00,PHX @ ATL,STATUS_FINAL,ATL,PHX
401810490,2026-01-24 00:00:00+00,HOU @ DET,STATUS_FINAL,DET,HOU
401810489,2026-01-23 03:00:00+00,MIA @ POR,STATUS_FINAL,POR,MIA
401810488,2026-01-23 03:00:00+00,LAL @ LAC,STATUS_FINAL,LAC,LAL
401810487,2026-01-23 02:00:00+00,SA @ UTAH,STATUS_FINAL,UTAH,SA
401810486,2026-01-23 01:00:00+00,CHI @ MIN,STATUS_FINAL,MIN,CHI
401810485,2026-01-23 00:30:00+00,GS @ DAL,STATUS_FINAL,DAL,GS
401810482,2026-01-23 00:00:00+00,CHA @ ORL,STATUS_FINAL,ORL,CHA
401810483,2026-01-23 00:00:00+00,HOU @ PHI,STATUS_FINAL,PHI,HOU
401810484,2026-01-23 00:00:00+00,DEN @ WSH,STATUS_FINAL,WSH,DEN
401810481,2026-01-22 03:00:00+00,TOR @ SAC,STATUS_FINAL,SAC,TOR
401810480,2026-01-22 02:30:00+00,OKC @ MIL,STATUS_FINAL,MIL,OKC
401810478,2026-01-22 01:00:00+00,ATL @ MEM,STATUS_FINAL,MEM,ATL
401810479,2026-01-22 01:00:00+00,DET @ NO,STATUS_FINAL,NO,DET
401810476,2026-01-22 00:30:00+00,IND @ BOS,STATUS_FINAL,BOS,IND
401810477,2026-01-22 00:30:00+00,BKN @ NY,STATUS_FINAL,NY,BKN
401810475,2026-01-22 00:00:00+00,CLE @ CHA,STATUS_FINAL,CHA,CLE
401810473,2026-01-21 03:00:00+00,TOR @ GS,STATUS_FINAL,GS,TOR
401810472,2026-01-21 03:00:00+00,LAL @ DEN,STATUS_FINAL,DEN,LAL
401810474,2026-01-21 03:00:00+00,MIA @ SAC,STATUS_FINAL,SAC,MIA
401810471,2026-01-21 02:00:00+00,MIN @ UTAH,STATUS_FINAL,UTAH,MIN
401810470,2026-01-21 01:00:00+00,SA @ HOU,STATUS_FINAL,HOU,SA
401810469,2026-01-21 01:00:00+00,LAC @ CHI,STATUS_FINAL,CHI,LAC
401810468,2026-01-21 00:00:00+00,PHX @ PHI,STATUS_FINAL,PHI,PHX
401810467,2026-01-20 03:00:00+00,MIA @ GS,STATUS_FINAL,GS,MIA
401809250,2026-01-20 01:00:00+00,BOS @ DET,STATUS_FINAL,DET,BOS
401810465,2026-01-20 00:30:00+00,PHX @ BKN,STATUS_FINAL,BKN,PHX
401810464,2026-01-20 00:00:00+00,IND @ PHI,STATUS_FINAL,PHI,IND
401809249,2026-01-19 22:00:00+00,DAL @ NY,STATUS_FINAL,NY,DAL
401810466,2026-01-19 22:00:00+00,UTAH @ SA,STATUS_FINAL,SA,UTAH
401810463,2026-01-19 20:00:00+00,LAC @ WSH,STATUS_FINAL,WSH,LAC
401809248,2026-01-19 19:30:00+00,OKC @ CLE,STATUS_FINAL,CLE,OKC
401809247,2026-01-19 18:00:00+00,MIL @ ATL,STATUS_FINAL,ATL,MIL
401810462,2026-01-19 02:30:00+00,TOR @ LAL,STATUS_FINAL,LAL,TOR
401810461,2026-01-19 02:00:00+00,POR @ SAC,STATUS_FINAL,SAC,POR
401810460,2026-01-19 01:00:00+00,CHA @ DEN,STATUS_FINAL,DEN,CHA
401810458,2026-01-19 00:00:00+00,BKN @ CHI,STATUS_FINAL,CHI,BKN
401810459,2026-01-19 00:00:00+00,NO @ HOU,STATUS_FINAL,HOU,NO
401810457,2026-01-18 17:00:00+00,ORL @ MEM,STATUS_FINAL,MEM,ORL
401810456,2026-01-18 03:00:00+00,LAL @ POR,STATUS_FINAL,POR,LAL
401810455,2026-01-18 02:00:00+00,WSH @ DEN,STATUS_FINAL,DEN,WSH
401810454,2026-01-18 01:30:00+00,CHA @ GS,STATUS_FINAL,GS,CHA
401810452,2026-01-18 01:00:00+00,OKC @ MIA,STATUS_FINAL,MIA,OKC
401810453,2026-01-18 01:00:00+00,MIN @ SA,STATUS_FINAL,SA,MIN
401810449,2026-01-18 00:30:00+00,BOS @ ATL,STATUS_FINAL,ATL,BOS
401810450,2026-01-18 00:30:00+00,IND @ DET,STATUS_FINAL,DET,IND
401810451,2026-01-18 00:30:00+00,PHX @ NY,STATUS_FINAL,NY,PHX
401810448,2026-01-17 22:00:00+00,UTAH @ DAL,STATUS_FINAL,DAL,UTAH
401810447,2026-01-17 03:00:00+00,WSH @ SAC,STATUS_FINAL,SAC,WSH
401810446,2026-01-17 02:30:00+00,MIN @ HOU,STATUS_FINAL,HOU,MIN
401810442,2026-01-17 00:30:00+00,CHI @ BKN,STATUS_FINAL,BKN,CHI
401810445,2026-01-17 00:30:00+00,LAC @ TOR,STATUS_FINAL,TOR,LAC
401810443,2026-01-17 00:00:00+00,NO @ IND,STATUS_FINAL,IND,NO
401810444,2026-01-17 00:00:00+00,CLE @ PHI,STATUS_FINAL,PHI,CLE
401810441,2026-01-16 03:30:00+00,CHA @ LAL,STATUS_FINAL,LAL,CHA
401810439,2026-01-16 03:00:00+00,NY @ GS,STATUS_FINAL,GS,NY
401810440,2026-01-16 03:00:00+00,ATL @ POR,STATUS_FINAL,POR,ATL
401810438,2026-01-16 01:30:00+00,UTAH @ DAL,STATUS_FINAL,DAL,UTAH
401810437,2026-01-16 01:00:00+00,MIL @ SA,STATUS_FINAL,SA,MIL
401810436,2026-01-16 00:30:00+00,OKC @ HOU,STATUS_FINAL,HOU,OKC
401810435,2026-01-16 00:30:00+00,BOS @ MIA,STATUS_FINAL,MIA,BOS
401810434,2026-01-16 00:00:00+00,PHX @ DET,STATUS_FINAL,DET,PHX
401810433,2026-01-15 19:00:00+00,MEM @ ORL,STATUS_FINAL,ORL,MEM
401810432,2026-01-15 03:30:00+00,WSH @ LAC,STATUS_FINAL,LAC,WSH
401810431,2026-01-15 03:00:00+00,NY @ SAC,STATUS_FINAL,SAC,NY
401810430,2026-01-15 02:30:00+00,DEN @ DAL,STATUS_FINAL,DAL,DEN
401810429,2026-01-15 01:00:00+00,BKN @ NO,STATUS_FINAL,NO,BKN
401810428,2026-01-15 01:00:00+00,UTAH @ CHI,STATUS_FINAL,CHI,UTAH
401810426,2026-01-15 00:00:00+00,TOR @ IND,STATUS_FINAL,IND,TOR
401810427,2026-01-15 00:00:00+00,CLE @ PHI,STATUS_FINAL,PHI,CLE
401810425,2026-01-14 04:00:00+00,POR @ GS,STATUS_FINAL,GS,POR
401810424,2026-01-14 03:30:00+00,ATL @ LAL,STATUS_FINAL,LAL,ATL
401810422,2026-01-14 01:00:00+00,DEN @ NO,STATUS_FINAL,NO,DEN
401810421,2026-01-14 01:00:00+00,MIN @ MIL,STATUS_FINAL,MIL,MIN
401810420,2026-01-14 01:00:00+00,CHI @ HOU,STATUS_FINAL,HOU,CHI
401810423,2026-01-14 01:00:00+00,SA @ OKC,STATUS_FINAL,OKC,SA
401810419,2026-01-14 00:30:00+00,PHX @ MIA,STATUS_FINAL,MIA,PHX
401810418,2026-01-13 03:30:00+00,CHA @ LAC,STATUS_FINAL,LAC,CHA
401810417,2026-01-13 03:00:00+00,LAL @ SAC,STATUS_FINAL,SAC,LAL
401810416,2026-01-13 01:30:00+00,BKN @ DAL,STATUS_FINAL,DAL,BKN
401810414,2026-01-13 00:30:00+00,BOS @ IND,STATUS_FINAL,IND,BOS
401810415,2026-01-13 00:30:00+00,PHI @ TOR,STATUS_FINAL,TOR,PHI
401810413,2026-01-13 00:00:00+00,UTAH @ CLE,STATUS_FINAL,CLE,UTAH
401810412,2026-01-12 02:00:00+00,HOU @ SAC,STATUS_FINAL,SAC,HOU
401810411,2026-01-12 01:30:00+00,ATL @ GS,STATUS_FINAL,GS,ATL
401810409,2026-01-12 01:00:00+00,MIL @ DEN,STATUS_FINAL,DEN,MIL
401810410,2026-01-12 01:00:00+00,WSH @ PHX,STATUS_FINAL,PHX,WSH
401810408,2026-01-12 00:00:00+00,MIA @ OKC,STATUS_FINAL,OKC,MIA
401810407,2026-01-12 00:00:00+00,SA @ MIN,STATUS_FINAL,MIN,SA
401810405,2026-01-11 23:00:00+00,PHI @ TOR,STATUS_FINAL,TOR,PHI
401810406,2026-01-11 23:00:00+00,NY @ POR,STATUS_FINAL,POR,NY
401810404,2026-01-11 20:30:00+00,BKN @ MEM,STATUS_FINAL,MEM,BKN
401810403,2026-01-11 20:00:00+00,NO @ ORL,STATUS_FINAL,ORL,NO
401810402,2026-01-11 02:30:00+00,CHA @ UTAH,STATUS_FINAL,UTAH,CHA
401810401,2026-01-11 01:00:00+00,DAL @ CHI,STATUS_FINAL,CHI,DAL
401810400,2026-01-11 01:00:00+00,SA @ BOS,STATUS_FINAL,BOS,SA
401810399,2026-01-11 00:30:00+00,LAC @ DET,STATUS_FINAL,DET,LAC
401810398,2026-01-11 00:00:00+00,MIA @ IND,STATUS_FINAL,IND,MIA
401810397,2026-01-10 18:00:00+00,MIN @ CLE,STATUS_FINAL,CLE,MIN
401810396,2026-01-10 03:30:00+00,MIL @ LAL,STATUS_FINAL,LAL,MIL
401810395,2026-01-10 03:00:00+00,HOU @ POR,STATUS_FINAL,POR,HOU
401810394,2026-01-10 03:00:00+00,SAC @ GS,STATUS_FINAL,GS,SAC
401810392,2026-01-10 02:00:00+00,ATL @ DEN,STATUS_FINAL,DEN,ATL
401810393,2026-01-10 02:00:00+00,NY @ PHX,STATUS_FINAL,PHX,NY
401810391,2026-01-10 01:00:00+00,OKC @ MEM,STATUS_FINAL,MEM,OKC
401810390,2026-01-10 00:30:00+00,LAC @ BKN,STATUS_FINAL,BKN,LAC
401810387,2026-01-10 00:00:00+00,TOR @ BOS,STATUS_FINAL,BOS,TOR
401810389,2026-01-10 00:00:00+00,NO @ WSH,STATUS_FINAL,WSH,NO
401810388,2026-01-10 00:00:00+00,PHI @ ORL,STATUS_FINAL,ORL,PHI
401810386,2026-01-09 02:00:00+00,DAL @ UTAH,STATUS_FINAL,UTAH,DAL
401810385,2026-01-09 01:00:00+00,CLE @ MIN,STATUS_FINAL,MIN,CLE
401810384,2026-01-09 01:00:00+00,MIA @ CHI,STATUS_POSTPONED,CHI,MIA
401810383,2026-01-09 00:00:00+00,IND @ CHA,STATUS_FINAL,CHA,IND
401810381,2026-01-08 03:00:00+00,MIL @ GS,STATUS_FINAL,GS,MIL
401810382,2026-01-08 03:00:00+00,HOU @ POR,STATUS_FINAL,POR,HOU
401810378,2026-01-08 02:30:00+00,LAL @ SA,STATUS_FINAL,SA,LAL
401810379,2026-01-08 01:00:00+00,PHX @ MEM,STATUS_FINAL,MEM,PHX
401810380,2026-01-08 01:00:00+00,UTAH @ OKC,STATUS_FINAL,OKC,UTAH
401810377,2026-01-08 00:30:00+00,LAC @ NY,STATUS_FINAL,NY,LAC
401810374,2026-01-08 00:30:00+00,NO @ ATL,STATUS_FINAL,ATL,NO
401810376,2026-01-08 00:30:00+00,ORL @ BKN,STATUS_FINAL,BKN,ORL
401810375,2026-01-08 00:00:00+00,DEN @ BOS,STATUS_FINAL,BOS,DEN
401810373,2026-01-08 00:00:00+00,WSH @ PHI,STATUS_FINAL,PHI,WSH
401810372,2026-01-08 00:00:00+00,CHI @ DET,STATUS_FINAL,DET,CHI
401810371,2026-01-08 00:00:00+00,TOR @ CHA,STATUS_FINAL,CHA,TOR
401810370,2026-01-07 04:00:00+00,DAL @ SAC,STATUS_FINAL,SAC,DAL
401810367,2026-01-07 01:00:00+00,SA @ MEM,STATUS_FINAL,MEM,SA
401810369,2026-01-07 01:00:00+00,LAL @ NO,STATUS_FINAL,NO,LAL
401810368,2026-01-07 01:00:00+00,MIA @ MIN,STATUS_FINAL,MIN,MIA
401810365,2026-01-07 00:00:00+00,CLE @ IND,STATUS_FINAL,IND,CLE
401810366,2026-01-07 00:00:00+00,ORL @ WSH,STATUS_FINAL,WSH,ORL
401810364,2026-01-06 03:00:00+00,UTAH @ POR,STATUS_FINAL,POR,UTAH
401810363,2026-01-06 03:00:00+00,GS @ LAC,STATUS_FINAL,LAC,GS
401810362,2026-01-06 01:30:00+00,DEN @ PHI,STATUS_FINAL,PHI,DEN
401810361,2026-01-06 01:00:00+00,CHA @ OKC,STATUS_FINAL,OKC,CHA
401810360,2026-01-06 01:00:00+00,PHX @ HOU,STATUS_FINAL,HOU,PHX
401810359,2026-01-06 00:30:00+00,ATL @ TOR,STATUS_FINAL,TOR,ATL
401810358,2026-01-06 00:30:00+00,CHI @ BOS,STATUS_FINAL,BOS,CHI
401810357,2026-01-06 00:00:00+00,NY @ DET,STATUS_FINAL,DET,NY
401810356,2026-01-05 02:30:00+00,MEM @ LAL,STATUS_FINAL,LAL,MEM
401810355,2026-01-05 02:00:00+00,MIL @ SAC,STATUS_FINAL,SAC,MIL
401810354,2026-01-05 01:00:00+00,OKC @ PHX,STATUS_FINAL,PHX,OKC
401810352,2026-01-04 23:00:00+00,NO @ MIA,STATUS_FINAL,MIA,NO
401810353,2026-01-04 23:00:00+00,MIN @ WSH,STATUS_FINAL,WSH,MIN
401810351,2026-01-04 20:30:00+00,DEN @ BKN,STATUS_FINAL,BKN,DEN
401810350,2026-01-04 20:00:00+00,IND @ ORL,STATUS_FINAL,ORL,IND
401810349,2026-01-04 19:00:00+00,DET @ CLE,STATUS_FINAL,CLE,DET
401810348,2026-01-04 03:30:00+00,BOS @ LAC,STATUS_FINAL,LAC,BOS
401810347,2026-01-04 03:00:00+00,UTAH @ GS,STATUS_FINAL,GS,UTAH
401810346,2026-01-04 01:30:00+00,HOU @ DAL,STATUS_FINAL,DAL,HOU
401810344,2026-01-04 01:00:00+00,CHA @ CHI,STATUS_FINAL,CHI,CHA
401810345,2026-01-04 01:00:00+00,POR @ SA,STATUS_FINAL,SA,POR
401810343,2026-01-04 00:30:00+00,ATL @ TOR,STATUS_FINAL,TOR,ATL
401810342,2026-01-04 00:30:00+00,PHI @ NY,STATUS_FINAL,NY,PHI
401810341,2026-01-03 22:00:00+00,MIN @ MIA,STATUS_FINAL,MIA,MIN
401810340,2026-01-03 03:30:00+00,MEM @ LAL,STATUS_FINAL,LAL,MEM
401810339,2026-01-03 03:00:00+00,OKC @ GS,STATUS_FINAL,GS,OKC
401810338,2026-01-03 02:00:00+00,SAC @ PHX,STATUS_FINAL,PHX,SAC
401810336,2026-01-03 01:00:00+00,CHA @ MIL,STATUS_FINAL,MIL,CHA
401810335,2026-01-03 01:00:00+00,ORL @ CHI,STATUS_FINAL,CHI,ORL
401810337,2026-01-03 01:00:00+00,POR @ NO,STATUS_FINAL,NO,POR
401810334,2026-01-03 00:30:00+00,ATL @ NY,STATUS_FINAL,NY,ATL
401810333,2026-01-03 00:30:00+00,DEN @ CLE,STATUS_FINAL,CLE,DEN
401810332,2026-01-03 00:00:00+00,BKN @ WSH,STATUS_FINAL,WSH,BKN
401810331,2026-01-03 00:00:00+00,SA @ IND,STATUS_FINAL,IND,SA
401810330,2026-01-02 03:30:00+00,UTAH @ LAC,STATUS_FINAL,LAC,UTAH
401810329,2026-01-02 03:00:00+00,BOS @ SAC,STATUS_FINAL,SAC,BOS
401810328,2026-01-02 01:30:00+00,PHI @ DAL,STATUS_FINAL,DAL,PHI
401810327,2026-01-02 00:00:00+00,MIA @ DET,STATUS_FINAL,DET,MIA
401810326,2026-01-01 23:00:00+00,HOU @ BKN,STATUS_FINAL,BKN,HOU
401810325,2026-01-01 01:00:00+00,POR @ OKC,STATUS_FINAL,OKC,POR
401810324,2026-01-01 01:00:00+00,WSH @ MIL,STATUS_FINAL,MIL,WSH
401810323,2026-01-01 00:30:00+00,DEN @ TOR,STATUS_FINAL,TOR,DEN
401810322,2026-01-01 00:00:00+00,NY @ SA,STATUS_FINAL,SA,NY
401810321,2026-01-01 00:00:00+00,NO @ CHI,STATUS_FINAL,CHI,NO
401810320,2025-12-31 20:30:00+00,PHX @ CLE,STATUS_FINAL,CLE,PHX
401810319,2025-12-31 20:00:00+00,ORL @ IND,STATUS_FINAL,IND,ORL
401810318,2025-12-31 20:00:00+00,MIN @ ATL,STATUS_FINAL,ATL,MIN
401810317,2025-12-31 18:00:00+00,GS @ CHA,STATUS_FINAL,CHA,GS
401810316,2025-12-31 04:00:00+00,SAC @ LAC,STATUS_FINAL,LAC,SAC
401810315,2025-12-31 03:30:00+00,DET @ LAL,STATUS_FINAL,LAL,DET
401810314,2025-12-31 02:00:00+00,BOS @ UTAH,STATUS_FINAL,UTAH,BOS
401810313,2025-12-31 01:00:00+00,PHI @ MEM,STATUS_FINAL,MEM,PHI
401810312,2025-12-30 03:30:00+00,DAL @ POR,STATUS_FINAL,POR,DAL
401810310,2025-12-30 01:00:00+00,ATL @ OKC,STATUS_FINAL,OKC,ATL
401810311,2025-12-30 01:00:00+00,CLE @ SA,STATUS_FINAL,SA,CLE
401810309,2025-12-30 01:00:00+00,NY @ NO,STATUS_FINAL,NO,NY
401810308,2025-12-30 01:00:00+00,IND @ HOU,STATUS_FINAL,HOU,IND
401810307,2025-12-30 01:00:00+00,MIN @ CHI,STATUS_FINAL,CHI,MIN
401810304,2025-12-30 00:30:00+00,GS @ BKN,STATUS_FINAL,BKN,GS
401810305,2025-12-30 00:30:00+00,DEN @ MIA,STATUS_FINAL,MIA,DEN
401810306,2025-12-30 00:30:00+00,ORL @ TOR,STATUS_FINAL,TOR,ORL
401810302,2025-12-30 00:00:00+00,MIL @ CHA,STATUS_FINAL,CHA,MIL
401810303,2025-12-30 00:00:00+00,PHX @ WSH,STATUS_FINAL,WSH,PHX
401810301,2025-12-29 02:30:00+00,SAC @ LAL,STATUS_FINAL,LAL,SAC
401810300,2025-12-29 02:00:00+00,DET @ LAC,STATUS_FINAL,LAC,DET
401810298,2025-12-28 23:00:00+00,MEM @ WSH,STATUS_FINAL,WSH,MEM
401810299,2025-12-28 23:00:00+00,BOS @ POR,STATUS_FINAL,POR,BOS
401810296,2025-12-28 20:30:00+00,GS @ TOR,STATUS_FINAL,TOR,GS
401810297,2025-12-28 20:30:00+00,PHI @ OKC,STATUS_FINAL,OKC,PHI
401810291,2025-12-28 01:00:00+00,IND @ MIA,STATUS_FINAL,MIA,IND
401810292,2025-12-28 01:00:00+00,MIL @ CHI,STATUS_FINAL,CHI,MIL
401810293,2025-12-28 01:00:00+00,CLE @ HOU,STATUS_FINAL,HOU,CLE
401810294,2025-12-28 01:00:00+00,BKN @ MIN,STATUS_FINAL,MIN,BKN
401810290,2025-12-28 01:00:00+00,NY @ ATL,STATUS_FINAL,ATL,NY
401810295,2025-12-28 01:00:00+00,UTAH @ SA,STATUS_FINAL,SA,UTAH
401810289,2025-12-28 00:00:00+00,PHX @ NO,STATUS_FINAL,NO,PHX
401810288,2025-12-28 00:00:00+00,DEN @ ORL,STATUS_FINAL,ORL,DEN
401810287,2025-12-27 22:00:00+00,DAL @ SAC,STATUS_FINAL,SAC,DAL
401810286,2025-12-27 03:00:00+00,LAC @ POR,STATUS_FINAL,POR,LAC
401810285,2025-12-27 02:30:00+00,DET @ UTAH,STATUS_FINAL,UTAH,DET
401810284,2025-12-27 01:00:00+00,PHX @ NO,STATUS_FINAL,NO,PHX
401810283,2025-12-27 01:00:00+00,MIL @ MEM,STATUS_FINAL,MEM,MIL
401810282,2025-12-27 00:30:00+00,PHI @ CHI,STATUS_FINAL,CHI,PHI
401810281,2025-12-27 00:00:00+00,BOS @ IND,STATUS_FINAL,IND,BOS
401810278,2025-12-27 00:00:00+00,MIA @ ATL,STATUS_FINAL,ATL,MIA
401810279,2025-12-27 00:00:00+00,CHA @ ORL,STATUS_FINAL,ORL,CHA
401810280,2025-12-27 00:00:00+00,TOR @ WSH,STATUS_FINAL,WSH,TOR
401809242,2025-12-26 03:30:00+00,MIN @ DEN,STATUS_FINAL,DEN,MIN
401809241,2025-12-26 01:00:00+00,HOU @ LAL,STATUS_FINAL,LAL,HOU
401809240,2025-12-25 22:17:00+00,DAL @ GS,STATUS_FINAL,GS,DAL
401809239,2025-12-25 19:30:00+00,SA @ OKC,STATUS_FINAL,OKC,SA
401809238,2025-12-25 17:00:00+00,CLE @ NY,STATUS_FINAL,NY,CLE
401810277,2025-12-24 03:30:00+00,HOU @ LAC,STATUS_FINAL,LAC,HOU
401810276,2025-12-24 03:00:00+00,DET @ SAC,STATUS_FINAL,SAC,DET
401810275,2025-12-24 03:00:00+00,ORL @ POR,STATUS_FINAL,POR,ORL
401810274,2025-12-24 02:00:00+00,MEM @ UTAH,STATUS_FINAL,UTAH,MEM
401810273,2025-12-24 02:00:00+00,LAL @ PHX,STATUS_FINAL,PHX,LAL
401810272,2025-12-24 01:30:00+00,OKC @ SA,STATUS_FINAL,SA,OKC
401810270,2025-12-24 01:00:00+00,DEN @ DAL,STATUS_FINAL,DAL,DEN
401810271,2025-12-24 01:00:00+00,NY @ MIN,STATUS_FINAL,MIN,NY
401810267,2025-12-24 00:30:00+00,NO @ CLE,STATUS_FINAL,CLE,NO
401810266,2025-12-24 00:30:00+00,CHI @ ATL,STATUS_FINAL,ATL,CHI
401810268,2025-12-24 00:30:00+00,MIL @ IND,STATUS_FINAL,IND,MIL
401810269,2025-12-24 00:30:00+00,TOR @ MIA,STATUS_FINAL,MIA,TOR
401810265,2025-12-24 00:00:00+00,BKN @ PHI,STATUS_FINAL,PHI,BKN
401810264,2025-12-24 00:00:00+00,WSH @ CHA,STATUS_FINAL,CHA,WSH
401810262,2025-12-23 03:00:00+00,ORL @ GS,STATUS_FINAL,GS,ORL
401810263,2025-12-23 03:00:00+00,DET @ POR,STATUS_FINAL,POR,DET
401810261,2025-12-23 02:30:00+00,MEM @ OKC,STATUS_FINAL,OKC,MEM
401810260,2025-12-23 02:00:00+00,UTAH @ DEN,STATUS_FINAL,DEN,UTAH
401810259,2025-12-23 01:00:00+00,DAL @ NO,STATUS_FINAL,NO,DAL
401810258,2025-12-23 00:30:00+00,IND @ BOS,STATUS_FINAL,BOS,IND
401810257,2025-12-23 00:00:00+00,CHA @ CLE,STATUS_FINAL,CLE,CHA
401810256,2025-12-22 03:00:00+00,HOU @ SAC,STATUS_FINAL,SAC,HOU
401810254,2025-12-22 00:00:00+00,SA @ WSH,STATUS_FINAL,WSH,SA
401810255,2025-12-22 00:00:00+00,MIL @ MIN,STATUS_FINAL,MIN,MIL
401810252,2025-12-21 23:00:00+00,TOR @ BKN,STATUS_FINAL,BKN,TOR
401810253,2025-12-21 23:00:00+00,MIA @ NY,STATUS_FINAL,NY,MIA
401810251,2025-12-21 20:30:00+00,CHI @ ATL,STATUS_FINAL,ATL,CHI
401810250,2025-12-21 03:30:00+00,LAL @ LAC,STATUS_FINAL,LAC,LAL
401810249,2025-12-21 03:00:00+00,POR @ SAC,STATUS_FINAL,SAC,POR
401810248,2025-12-21 02:30:00+00,ORL @ UTAH,STATUS_FINAL,UTAH,ORL
401810247,2025-12-21 01:30:00+00,PHX @ GS,STATUS_FINAL,GS,PHX
401810246,2025-12-21 01:00:00+00,WSH @ MEM,STATUS_FINAL,MEM,WSH
401810245,2025-12-21 00:30:00+00,CHA @ DET,STATUS_FINAL,DET,CHA
401810242,2025-12-21 00:00:00+00,DAL @ PHI,STATUS_FINAL,PHI,DAL
401810243,2025-12-21 00:00:00+00,BOS @ TOR,STATUS_FINAL,TOR,BOS
401810244,2025-12-21 00:00:00+00,IND @ NO,STATUS_FINAL,NO,IND
401810241,2025-12-20 22:00:00+00,HOU @ DEN,STATUS_FINAL,DEN,HOU
401810240,2025-12-20 02:30:00+00,OKC @ MIN,STATUS_FINAL,MIN,OKC
401810238,2025-12-20 00:30:00+00,SA @ ATL,STATUS_FINAL,ATL,SA
401810239,2025-12-20 00:30:00+00,CHI @ CLE,STATUS_FINAL,CLE,CHI
401810237,2025-12-20 00:00:00+00,PHI @ NY,STATUS_FINAL,NY,PHI
401810236,2025-12-20 00:00:00+00,MIA @ BOS,STATUS_FINAL,BOS,MIA
401810235,2025-12-19 03:00:00+00,SAC @ POR,STATUS_FINAL,POR,SAC
401810232,2025-12-19 02:00:00+00,ORL @ DEN,STATUS_FINAL,DEN,ORL
401810234,2025-12-19 02:00:00+00,LAL @ UTAH,STATUS_FINAL,UTAH,LAL
401810233,2025-12-19 02:00:00+00,GS @ PHX,STATUS_FINAL,PHX,GS
401810231,2025-12-19 01:30:00+00,DET @ DAL,STATUS_FINAL,DAL,DET
401810230,2025-12-19 01:00:00+00,HOU @ NO,STATUS_FINAL,NO,HOU
401810229,2025-12-19 01:00:00+00,TOR @ MIL,STATUS_FINAL,MIL,TOR
401810225,2025-12-19 01:00:00+00,WSH @ SA,STATUS_FINAL,SA,WSH
401810224,2025-12-19 01:00:00+00,LAC @ OKC,STATUS_FINAL,OKC,LAC
401810228,2025-12-19 00:30:00+00,MIA @ BKN,STATUS_FINAL,BKN,MIA
401810227,2025-12-19 00:00:00+00,NY @ IND,STATUS_FINAL,IND,NY
401810226,2025-12-19 00:00:00+00,ATL @ CHA,STATUS_FINAL,CHA,ATL
401810223,2025-12-18 01:00:00+00,MEM @ MIN,STATUS_FINAL,MIN,MEM
401810222,2025-12-18 01:00:00+00,CLE @ CHI,STATUS_FINAL,CHI,CLE
401809839,2025-12-17 01:30:00+00,SA @ NY,STATUS_FINAL,NY,SA
401836807,2025-12-16 03:30:00+00,MEM @ LAC,STATUS_FINAL,LAC,MEM
401836806,2025-12-16 02:30:00+00,HOU @ DEN,STATUS_FINAL,DEN,HOU
401836805,2025-12-16 02:00:00+00,DAL @ UTAH,STATUS_FINAL,UTAH,DAL
401839023,2025-12-16 00:30:00+00,TOR @ MIA,STATUS_FINAL,MIA,TOR
401836803,2025-12-16 00:00:00+00,DET @ BOS,STATUS_FINAL,BOS,DET
401836802,2025-12-15 02:00:00+00,GS @ POR,STATUS_FINAL,POR,GS
401839699,2025-12-15 01:00:00+00,LAL @ PHX,STATUS_FINAL,PHX,LAL
401836801,2025-12-15 00:00:00+00,SAC @ MIN,STATUS_FINAL,MIN,SAC
401836804,2025-12-15 00:00:00+00,NO @ CHI,STATUS_FINAL,CHI,NO
401836800,2025-12-14 23:00:00+00,MIL @ BKN,STATUS_FINAL,BKN,MIL
401836798,2025-12-14 23:00:00+00,PHI @ ATL,STATUS_FINAL,ATL,PHI
401836799,2025-12-14 20:30:00+00,CHA @ CLE,STATUS_FINAL,CLE,CHA
401836797,2025-12-14 20:00:00+00,WSH @ IND,STATUS_FINAL,IND,WSH
401809838,2025-12-14 02:00:00+00,SA @ OKC,STATUS_FINAL,OKC,SA
401809837,2025-12-13 22:30:00+00,NY @ ORL,STATUS_FINAL,ORL,NY
401836796,2025-12-13 03:00:00+00,MIN @ GS,STATUS_FINAL,GS,MIN
401836795,2025-12-13 01:30:00+00,BKN @ DAL,STATUS_FINAL,DAL,BKN
401836754,2025-12-13 01:00:00+00,UTAH @ MEM,STATUS_FINAL,MEM,UTAH
401836751,2025-12-13 00:00:00+00,ATL @ DET,STATUS_FINAL,DET,ATL
401836753,2025-12-13 00:00:00+00,CLE @ WSH,STATUS_FINAL,WSH,CLE
401836750,2025-12-13 00:00:00+00,CHI @ CHA,STATUS_FINAL,CHA,CHI
401836752,2025-12-13 00:00:00+00,IND @ PHI,STATUS_FINAL,PHI,IND
401836749,2025-12-12 03:00:00+00,DEN @ SAC,STATUS_FINAL,SAC,DEN
401836748,2025-12-12 01:00:00+00,POR @ NO,STATUS_FINAL,NO,POR
401836747,2025-12-12 01:00:00+00,BOS @ MIL,STATUS_FINAL,MIL,BOS
401836746,2025-12-12 01:00:00+00,LAC @ HOU,STATUS_FINAL,HOU,LAC
401809836,2025-12-11 03:00:00+00,SA @ LAL,STATUS_FINAL,LAL,SA
401809835,2025-12-11 00:30:00+00,PHX @ OKC,STATUS_FINAL,OKC,PHX
401809834,2025-12-10 01:30:00+00,NY @ TOR,STATUS_FINAL,TOR,NY
401809833,2025-12-09 23:00:00+00,MIA @ ORL,STATUS_FINAL,ORL,MIA
401810221,2025-12-09 01:00:00+00,SA @ NO,STATUS_FINAL,NO,SA
401810220,2025-12-09 00:30:00+00,PHX @ MIN,STATUS_FINAL,MIN,PHX
401810219,2025-12-09 00:00:00+00,SAC @ IND,STATUS_FINAL,IND,SAC
401810218,2025-12-08 01:00:00+00,OKC @ UTAH,STATUS_FINAL,UTAH,OKC
401810217,2025-12-08 00:30:00+00,LAL @ PHI,STATUS_FINAL,PHI,LAL
401810216,2025-12-08 00:00:00+00,GS @ CHI,STATUS_FINAL,CHI,GS
401810215,2025-12-07 23:00:00+00,POR @ MEM,STATUS_FINAL,MEM,POR
401810214,2025-12-07 23:00:00+00,DEN @ CHA,STATUS_FINAL,CHA,DEN
401810213,2025-12-07 20:30:00+00,BOS @ TOR,STATUS_FINAL,TOR,BOS
401810212,2025-12-07 17:00:00+00,ORL @ NY,STATUS_FINAL,NY,ORL
401810211,2025-12-07 01:30:00+00,HOU @ DAL,STATUS_FINAL,DAL,HOU
401810210,2025-12-07 01:00:00+00,LAC @ MIN,STATUS_FINAL,MIN,LAC
401810209,2025-12-07 01:00:00+00,SAC @ MIA,STATUS_FINAL,MIA,SAC
401810208,2025-12-07 00:30:00+00,MIL @ DET,STATUS_FINAL,DET,MIL
401810207,2025-12-07 00:30:00+00,GS @ CLE,STATUS_FINAL,CLE,GS
401810206,2025-12-07 00:00:00+00,ATL @ WSH,STATUS_FINAL,WSH,ATL
401810205,2025-12-06 22:00:00+00,NO @ BKN,STATUS_FINAL,BKN,NO
401810204,2025-12-06 02:30:00+00,DAL @ OKC,STATUS_FINAL,OKC,DAL
401810200,2025-12-06 01:00:00+00,IND @ CHI,STATUS_FINAL,CHI,IND
401810201,2025-12-06 01:00:00+00,PHX @ HOU,STATUS_FINAL,HOU,PHX
401810202,2025-12-06 01:00:00+00,LAC @ MEM,STATUS_FINAL,MEM,LAC
401810203,2025-12-06 01:00:00+00,PHI @ MIL,STATUS_FINAL,MIL,PHI
401810195,2025-12-06 00:30:00+00,DEN @ ATL,STATUS_FINAL,ATL,DEN
401810199,2025-12-06 00:30:00+00,CHA @ TOR,STATUS_FINAL,TOR,CHA
401810198,2025-12-06 00:30:00+00,UTAH @ NY,STATUS_FINAL,NY,UTAH
401810197,2025-12-06 00:30:00+00,POR @ DET,STATUS_FINAL,DET,POR
401810196,2025-12-06 00:30:00+00,SA @ CLE,STATUS_FINAL,CLE,SA
401810193,2025-12-06 00:00:00+00,LAL @ BOS,STATUS_FINAL,BOS,LAL
401810194,2025-12-06 00:00:00+00,MIA @ ORL,STATUS_FINAL,ORL,MIA
401810192,2025-12-05 01:00:00+00,MIN @ NO,STATUS_FINAL,NO,MIN
401810191,2025-12-05 00:30:00+00,LAL @ TOR,STATUS_FINAL,TOR,LAL
401810190,2025-12-05 00:30:00+00,UTAH @ BKN,STATUS_FINAL,BKN,UTAH
401810189,2025-12-05 00:00:00+00,BOS @ WSH,STATUS_FINAL,WSH,BOS
401810188,2025-12-05 00:00:00+00,GS @ PHI,STATUS_FINAL,PHI,GS
401810187,2025-12-04 01:30:00+00,MIA @ DAL,STATUS_FINAL,DAL,MIA
401810184,2025-12-04 01:00:00+00,BKN @ CHI,STATUS_FINAL,CHI,BKN
401810186,2025-12-04 01:00:00+00,DET @ MIL,STATUS_FINAL,MIL,DET
401810185,2025-12-04 01:00:00+00,SAC @ HOU,STATUS_FINAL,HOU,SAC
401810183,2025-12-04 00:30:00+00,CHA @ NY,STATUS_FINAL,NY,CHA
401810182,2025-12-04 00:30:00+00,LAC @ ATL,STATUS_FINAL,ATL,LAC
401810179,2025-12-04 00:00:00+00,POR @ CLE,STATUS_FINAL,CLE,POR
401810180,2025-12-04 00:00:00+00,DEN @ IND,STATUS_FINAL,IND,DEN
401810181,2025-12-04 00:00:00+00,SA @ ORL,STATUS_FINAL,ORL,SA
401810178,2025-12-03 04:00:00+00,OKC @ GS,STATUS_FINAL,GS,OKC
401810177,2025-12-03 01:00:00+00,MEM @ SA,STATUS_FINAL,SA,MEM
401810175,2025-12-03 01:00:00+00,NY @ BOS,STATUS_FINAL,BOS,NY
401810176,2025-12-03 01:00:00+00,MIN @ NO,STATUS_FINAL,NO,MIN
401810174,2025-12-03 00:30:00+00,POR @ TOR,STATUS_FINAL,TOR,POR
401810173,2025-12-03 00:00:00+00,WSH @ PHI,STATUS_FINAL,PHI,WSH
401810172,2025-12-02 03:00:00+00,PHX @ LAL,STATUS_FINAL,LAL,PHX
401810171,2025-12-02 02:00:00+00,HOU @ UTAH,STATUS_FINAL,UTAH,HOU
401810170,2025-12-02 02:00:00+00,DAL @ DEN,STATUS_FINAL,DEN,DAL
401810169,2025-12-02 00:30:00+00,CHI @ ORL,STATUS_FINAL,ORL,CHI
401810167,2025-12-02 00:30:00+00,CHA @ BKN,STATUS_FINAL,BKN,CHA
401810168,2025-12-02 00:30:00+00,LAC @ MIA,STATUS_FINAL,MIA,LAC
401810164,2025-12-02 00:00:00+00,ATL @ DET,STATUS_FINAL,DET,ATL
401810165,2025-12-02 00:00:00+00,CLE @ IND,STATUS_FINAL,IND,CLE
401810166,2025-12-02 00:00:00+00,MIL @ WSH,STATUS_FINAL,WSH,MIL
401810163,2025-12-01 02:30:00+00,NO @ LAL,STATUS_FINAL,LAL,NO
401810162,2025-12-01 02:00:00+00,MEM @ SAC,STATUS_FINAL,SAC,MEM
401810161,2025-12-01 00:00:00+00,SA @ MIN,STATUS_FINAL,MIN,SA
401810157,2025-11-30 23:00:00+00,BOS @ CLE,STATUS_FINAL,CLE,BOS
401810158,2025-11-30 23:00:00+00,TOR @ NY,STATUS_FINAL,NY,TOR
401810159,2025-11-30 23:00:00+00,ATL @ PHI,STATUS_FINAL,PHI,ATL
401810160,2025-11-30 23:00:00+00,OKC @ POR,STATUS_FINAL,POR,OKC
401810156,2025-11-30 20:00:00+00,HOU @ UTAH,STATUS_FINAL,UTAH,HOU
401810155,2025-11-30 03:00:00+00,DAL @ LAC,STATUS_FINAL,LAC,DAL
401810154,2025-11-30 02:00:00+00,DEN @ PHX,STATUS_FINAL,PHX,DEN
401810153,2025-11-30 01:30:00+00,NO @ GS,STATUS_FINAL,GS,NO
401810151,2025-11-30 01:00:00+00,DET @ MIA,STATUS_FINAL,MIA,DET
401810152,2025-11-30 01:00:00+00,BKN @ MIL,STATUS_FINAL,MIL,BKN
401810150,2025-11-30 00:30:00+00,CHI @ IND,STATUS_FINAL,IND,CHI
401810149,2025-11-29 23:00:00+00,TOR @ CHA,STATUS_FINAL,CHA,TOR
401810148,2025-11-29 22:00:00+00,BOS @ MIN,STATUS_FINAL,MIN,BOS
401809821,2025-11-29 03:00:00+00,MEM @ LAC,STATUS_FINAL,LAC,MEM
401809820,2025-11-29 03:00:00+00,DAL @ LAL,STATUS_FINAL,LAL,DAL
401809817,2025-11-29 02:30:00+00,PHX @ OKC,STATUS_FINAL,OKC,PHX
401809818,2025-11-29 02:30:00+00,SA @ DEN,STATUS_FINAL,DEN,SA
401809819,2025-11-29 02:30:00+00,SAC @ UTAH,STATUS_FINAL,UTAH,SAC
401809816,2025-11-29 00:30:00+00,MIL @ NY,STATUS_FINAL,NY,MIL
401809815,2025-11-29 00:30:00+00,WSH @ IND,STATUS_FINAL,IND,WSH
401809814,2025-11-29 00:30:00+00,ORL @ DET,STATUS_FINAL,DET,ORL
401809813,2025-11-29 00:30:00+00,CHI @ CHA,STATUS_FINAL,CHA,CHI
401809812,2025-11-29 00:30:00+00,PHI @ BKN,STATUS_FINAL,BKN,PHI
401809811,2025-11-29 00:30:00+00,CLE @ ATL,STATUS_FINAL,ATL,CLE
401809808,2025-11-27 03:00:00+00,HOU @ GS,STATUS_FINAL,GS,HOU
401809809,2025-11-27 03:00:00+00,SA @ POR,STATUS_FINAL,POR,SA
401809810,2025-11-27 03:00:00+00,PHX @ SAC,STATUS_FINAL,SAC,PHX
401809807,2025-11-27 01:00:00+00,MEM @ NO,STATUS_FINAL,NO,MEM
401809804,2025-11-27 00:30:00+00,MIL @ MIA,STATUS_FINAL,MIA,MIL
401809805,2025-11-27 00:30:00+00,IND @ TOR,STATUS_FINAL,TOR,IND
401809806,2025-11-27 00:30:00+00,MIN @ OKC,STATUS_FINAL,OKC,MIN
401809803,2025-11-27 00:00:00+00,NY @ CHA,STATUS_FINAL,CHA,NY
401809802,2025-11-26 22:00:00+00,DET @ BOS,STATUS_FINAL,BOS,DET
401809801,2025-11-26 04:00:00+00,LAC @ LAL,STATUS_FINAL,LAL,LAC
401809800,2025-11-26 01:00:00+00,ORL @ PHI,STATUS_FINAL,PHI,ORL
401809799,2025-11-26 00:00:00+00,ATL @ WSH,STATUS_FINAL,WSH,ATL
401810146,2025-11-25 03:00:00+00,UTAH @ GS,STATUS_FINAL,GS,UTAH
401810147,2025-11-25 03:00:00+00,MIN @ SAC,STATUS_FINAL,SAC,MIN
401810145,2025-11-25 02:30:00+00,HOU @ PHX,STATUS_FINAL,PHX,HOU
401810142,2025-11-25 01:00:00+00,DEN @ MEM,STATUS_FINAL,MEM,DEN
401810143,2025-11-25 01:00:00+00,POR @ MIL,STATUS_FINAL,MIL,POR
401810144,2025-11-25 01:00:00+00,CHI @ NO,STATUS_FINAL,NO,CHI
401810140,2025-11-25 00:30:00+00,NY @ BKN,STATUS_FINAL,BKN,NY
401810141,2025-11-25 00:30:00+00,DAL @ MIA,STATUS_FINAL,MIA,DAL
401810138,2025-11-25 00:00:00+00,DET @ IND,STATUS_FINAL,IND,DET
401810139,2025-11-25 00:00:00+00,CLE @ TOR,STATUS_FINAL,TOR,CLE
401810136,2025-11-24 01:00:00+00,SA @ PHX,STATUS_FINAL,PHX,SA
401810137,2025-11-24 01:00:00+00,LAL @ UTAH,STATUS_FINAL,UTAH,LAL
401810135,2025-11-24 00:00:00+00,POR @ OKC,STATUS_FINAL,OKC,POR
401810131,2025-11-23 23:00:00+00,CHA @ ATL,STATUS_FINAL,ATL,CHA
401810132,2025-11-23 23:00:00+00,ORL @ BOS,STATUS_FINAL,BOS,ORL
401810134,2025-11-23 23:00:00+00,BKN @ TOR,STATUS_FINAL,TOR,BKN
401810133,2025-11-23 23:00:00+00,LAC @ CLE,STATUS_FINAL,CLE,LAC
401810130,2025-11-23 18:00:00+00,MIA @ PHI,STATUS_FINAL,PHI,MIA
401810129,2025-11-23 03:00:00+00,SAC @ DEN,STATUS_FINAL,DEN,SAC
401810128,2025-11-23 01:30:00+00,MEM @ DAL,STATUS_FINAL,DAL,MEM
401810127,2025-11-23 01:00:00+00,DET @ MIL,STATUS_FINAL,MIL,DET
401810126,2025-11-23 01:00:00+00,WSH @ CHI,STATUS_FINAL,CHI,WSH
401810125,2025-11-23 00:00:00+00,ATL @ NO,STATUS_FINAL,NO,ATL
401810124,2025-11-22 22:00:00+00,NY @ ORL,STATUS_FINAL,ORL,NY
401810123,2025-11-22 18:00:00+00,LAC @ CHA,STATUS_FINAL,CHA,LAC
401809798,2025-11-22 03:00:00+00,POR @ GS,STATUS_FINAL,GS,POR
401809797,2025-11-22 03:00:00+00,OKC @ UTAH,STATUS_FINAL,UTAH,OKC
401809796,2025-11-22 02:30:00+00,DEN @ HOU,STATUS_FINAL,HOU,DEN
401809795,2025-11-22 02:00:00+00,MIN @ PHX,STATUS_FINAL,PHX,MIN
401809794,2025-11-22 01:30:00+00,NO @ DAL,STATUS_FINAL,DAL,NO
401809793,2025-11-22 01:00:00+00,MIA @ CHI,STATUS_FINAL,CHI,MIA
401809791,2025-11-22 00:30:00+00,BKN @ BOS,STATUS_FINAL,BOS,BKN
401809792,2025-11-22 00:30:00+00,WSH @ TOR,STATUS_FINAL,TOR,WSH
401809790,2025-11-22 00:00:00+00,IND @ CLE,STATUS_FINAL,CLE,IND
401810121,2025-11-21 01:00:00+00,PHI @ MIL,STATUS_FINAL,MIL,PHI
401810122,2025-11-21 01:00:00+00,ATL @ SA,STATUS_FINAL,SA,ATL
401810120,2025-11-21 01:00:00+00,SAC @ MEM,STATUS_FINAL,MEM,SAC
401810119,2025-11-21 00:00:00+00,LAC @ ORL,STATUS_FINAL,ORL,LAC
401810118,2025-11-20 03:00:00+00,CHI @ POR,STATUS_FINAL,POR,CHI
401810117,2025-11-20 02:30:00+00,NY @ DAL,STATUS_FINAL,DAL,NY
401810116,2025-11-20 01:00:00+00,SAC @ OKC,STATUS_FINAL,OKC,SAC
401810115,2025-11-20 01:00:00+00,DEN @ NO,STATUS_FINAL,NO,DEN
401810114,2025-11-20 01:00:00+00,WSH @ MIN,STATUS_FINAL,MIN,WSH
401810112,2025-11-20 00:30:00+00,GS @ MIA,STATUS_FINAL,MIA,GS
401810110,2025-11-20 00:00:00+00,HOU @ CLE,STATUS_FINAL,CLE,HOU
401810113,2025-11-20 00:00:00+00,TOR @ PHI,STATUS_FINAL,PHI,TOR
401810111,2025-11-20 00:00:00+00,CHA @ IND,STATUS_FINAL,IND,CHA
401810109,2025-11-19 04:00:00+00,PHX @ POR,STATUS_FINAL,POR,PHX
401810108,2025-11-19 03:30:00+00,UTAH @ LAL,STATUS_FINAL,LAL,UTAH
401810107,2025-11-19 01:00:00+00,MEM @ SA,STATUS_FINAL,SA,MEM
401810106,2025-11-19 00:30:00+00,DET @ ATL,STATUS_FINAL,ATL,DET
401810105,2025-11-19 00:30:00+00,BOS @ BKN,STATUS_FINAL,BKN,BOS
401810104,2025-11-19 00:00:00+00,GS @ ORL,STATUS_FINAL,ORL,GS
401810103,2025-11-18 02:00:00+00,CHI @ DEN,STATUS_FINAL,DEN,CHI
401810102,2025-11-18 01:00:00+00,OKC @ NO,STATUS_FINAL,NO,OKC
401810101,2025-11-18 01:00:00+00,DAL @ MIN,STATUS_FINAL,MIN,DAL
401810100,2025-11-18 00:30:00+00,CHA @ TOR,STATUS_FINAL,TOR,CHA
401810099,2025-11-18 00:30:00+00,NY @ MIA,STATUS_FINAL,MIA,NY
401810098,2025-11-18 00:00:00+00,LAC @ PHI,STATUS_FINAL,PHI,LAC
401810096,2025-11-18 00:00:00+00,MIL @ CLE,STATUS_FINAL,CLE,MIL
401810097,2025-11-18 00:00:00+00,IND @ DET,STATUS_FINAL,DET,IND
401810095,2025-11-17 01:00:00+00,CHI @ UTAH,STATUS_FINAL,UTAH,CHI
401810094,2025-11-17 01:00:00+00,ATL @ PHX,STATUS_FINAL,PHX,ATL
401810093,2025-11-17 00:30:00+00,POR @ DAL,STATUS_FINAL,DAL,POR
401810091,2025-11-17 00:00:00+00,ORL @ HOU,STATUS_FINAL,HOU,ORL
401810092,2025-11-17 00:00:00+00,GS @ NO,STATUS_FINAL,NO,GS
401810090,2025-11-16 23:00:00+00,BKN @ WSH,STATUS_FINAL,WSH,BKN
401810089,2025-11-16 21:00:00+00,SAC @ SA,STATUS_FINAL,SA,SAC
401810088,2025-11-16 20:30:00+00,LAC @ BOS,STATUS_FINAL,BOS,LAC
401810086,2025-11-16 01:00:00+00,LAL @ MIL,STATUS_FINAL,MIL,LAL
401810087,2025-11-16 01:00:00+00,DEN @ MIN,STATUS_FINAL,MIN,DEN
401810085,2025-11-16 00:00:00+00,TOR @ IND,STATUS_FINAL,IND,TOR
401810084,2025-11-16 00:00:00+00,OKC @ CHA,STATUS_FINAL,CHA,OKC
401810083,2025-11-15 22:00:00+00,MEM @ CLE,STATUS_FINAL,CLE,MEM
401809789,2025-11-15 02:30:00+00,GS @ SA,STATUS_FINAL,SA,GS
401809788,2025-11-15 01:30:00+00,LAC @ DAL,STATUS_FINAL,DAL,LAC
401809785,2025-11-15 01:00:00+00,CHA @ MIL,STATUS_FINAL,MIL,CHA
401809784,2025-11-15 01:00:00+00,POR @ HOU,STATUS_FINAL,HOU,POR
401809787,2025-11-15 01:00:00+00,LAL @ NO,STATUS_FINAL,NO,LAL
401809786,2025-11-15 01:00:00+00,SAC @ MIN,STATUS_FINAL,MIN,SAC
401809783,2025-11-15 00:30:00+00,PHI @ DET,STATUS_FINAL,DET,PHI
401809781,2025-11-15 00:00:00+00,MIA @ NY,STATUS_FINAL,NY,MIA
401809782,2025-11-15 00:00:00+00,BKN @ ORL,STATUS_FINAL,ORL,BKN
401810082,2025-11-14 02:00:00+00,ATL @ UTAH,STATUS_FINAL,UTAH,ATL
401810081,2025-11-14 02:00:00+00,IND @ PHX,STATUS_FINAL,PHX,IND
401810080,2025-11-14 00:00:00+00,TOR @ CLE,STATUS_FINAL,CLE,TOR
401810079,2025-11-13 03:30:00+00,DEN @ LAC,STATUS_FINAL,LAC,DEN
401810078,2025-11-13 03:00:00+00,ATL @ SAC,STATUS_FINAL,SAC,ATL
401810077,2025-11-13 02:47:00+00,LAL @ OKC,STATUS_FINAL,OKC,LAL
401810076,2025-11-13 01:30:00+00,PHX @ DAL,STATUS_FINAL,DAL,PHX
401810075,2025-11-13 01:00:00+00,GS @ SA,STATUS_FINAL,SA,GS
401810074,2025-11-13 01:00:00+00,POR @ NO,STATUS_FINAL,NO,POR
401810073,2025-11-13 01:00:00+00,WSH @ HOU,STATUS_FINAL,HOU,WSH
401810071,2025-11-13 00:30:00+00,MEM @ BOS,STATUS_FINAL,BOS,MEM
401810072,2025-11-13 00:30:00+00,CLE @ MIA,STATUS_FINAL,MIA,CLE
401810070,2025-11-13 00:00:00+00,ORL @ NY,STATUS_FINAL,NY,ORL
401810069,2025-11-13 00:00:00+00,CHI @ DET,STATUS_FINAL,DET,CHI
401810068,2025-11-13 00:00:00+00,MIL @ CHA,STATUS_FINAL,CHA,MIL
401810067,2025-11-12 04:00:00+00,DEN @ SAC,STATUS_FINAL,SAC,DEN
401810066,2025-11-12 02:00:00+00,IND @ UTAH,STATUS_FINAL,UTAH,IND
401810065,2025-11-12 01:00:00+00,GS @ OKC,STATUS_FINAL,OKC,GS
401810064,2025-11-12 01:00:00+00,BOS @ PHI,STATUS_FINAL,PHI,BOS
401810062,2025-11-12 00:30:00+00,TOR @ BKN,STATUS_FINAL,BKN,TOR
401810063,2025-11-12 00:30:00+00,MEM @ NY,STATUS_FINAL,NY,MEM
401810061,2025-11-11 03:30:00+00,ATL @ LAC,STATUS_FINAL,LAC,ATL
401810059,2025-11-11 02:00:00+00,NO @ PHX,STATUS_FINAL,PHX,NO
401810060,2025-11-11 02:00:00+00,MIN @ UTAH,STATUS_FINAL,UTAH,MIN
401810058,2025-11-11 01:30:00+00,MIL @ DAL,STATUS_FINAL,DAL,MIL
401810057,2025-11-11 01:00:00+00,SA @ CHI,STATUS_FINAL,CHI,SA
401810056,2025-11-11 00:30:00+00,CLE @ MIA,STATUS_FINAL,MIA,CLE
401810053,2025-11-11 00:00:00+00,LAL @ CHA,STATUS_FINAL,CHA,LAL
401810055,2025-11-11 00:00:00+00,POR @ ORL,STATUS_FINAL,ORL,POR
401810054,2025-11-11 00:00:00+00,WSH @ DET,STATUS_FINAL,DET,WSH
401810052,2025-11-10 02:00:00+00,MIN @ SAC,STATUS_FINAL,SAC,MIN
401810051,2025-11-10 01:30:00+00,IND @ GS,STATUS_FINAL,GS,IND
401810050,2025-11-10 00:30:00+00,DET @ PHI,STATUS_FINAL,PHI,DET
401810047,2025-11-09 23:00:00+00,BKN @ NY,STATUS_FINAL,NY,BKN
401810049,2025-11-09 23:00:00+00,OKC @ MEM,STATUS_FINAL,MEM,OKC
401810048,2025-11-09 23:00:00+00,BOS @ ORL,STATUS_FINAL,ORL,BOS
401810046,2025-11-09 20:30:00+00,HOU @ MIL,STATUS_FINAL,MIL,HOU
401810045,2025-11-09 03:30:00+00,PHX @ LAC,STATUS_FINAL,LAC,PHX
401810044,2025-11-09 02:00:00+00,IND @ DEN,STATUS_FINAL,DEN,IND
401810040,2025-11-09 01:00:00+00,LAL @ ATL,STATUS_FINAL,ATL,LAL
401810043,2025-11-09 01:00:00+00,NO @ SA,STATUS_FINAL,SA,NO
401810042,2025-11-09 01:00:00+00,POR @ MIA,STATUS_FINAL,MIA,POR
401810041,2025-11-09 01:00:00+00,CHI @ CLE,STATUS_FINAL,CLE,CHI
401810039,2025-11-09 00:30:00+00,TOR @ PHI,STATUS_FINAL,PHI,TOR
401810038,2025-11-09 00:00:00+00,DAL @ WSH,STATUS_FINAL,WSH,DAL
401809779,2025-11-08 03:00:00+00,GS @ DEN,STATUS_FINAL,DEN,GS
401809780,2025-11-08 03:00:00+00,OKC @ SAC,STATUS_FINAL,SAC,OKC
401809778,2025-11-08 01:00:00+00,UTAH @ MIN,STATUS_FINAL,MIN,UTAH
401809775,2025-11-08 01:00:00+00,CHA @ MIA,STATUS_FINAL,MIA,CHA
401809776,2025-11-08 01:00:00+00,DAL @ MEM,STATUS_FINAL,MEM,DAL
401809777,2025-11-08 01:00:00+00,CHI @ MIL,STATUS_FINAL,MIL,CHI
401809774,2025-11-08 00:30:00+00,HOU @ SA,STATUS_FINAL,SA,HOU
401809773,2025-11-08 00:30:00+00,DET @ BKN,STATUS_FINAL,BKN,DET
401809512,2025-11-08 00:30:00+00,TOR @ ATL,STATUS_FINAL,ATL,TOR
401809510,2025-11-08 00:00:00+00,BOS @ ORL,STATUS_FINAL,ORL,BOS
401809511,2025-11-08 00:00:00+00,CLE @ WSH,STATUS_FINAL,WSH,CLE
401810037,2025-11-07 02:00:00+00,LAC @ PHX,STATUS_FINAL,PHX,LAC
401810034,2025-11-06 03:00:00+00,SA @ LAL,STATUS_FINAL,LAL,SA
401810035,2025-11-06 03:00:00+00,OKC @ POR,STATUS_FINAL,POR,OKC
401810036,2025-11-06 03:00:00+00,GS @ SAC,STATUS_FINAL,SAC,GS
401810033,2025-11-06 02:00:00+00,MIA @ DEN,STATUS_FINAL,DEN,MIA
401810032,2025-11-06 01:30:00+00,NO @ DAL,STATUS_FINAL,DAL,NO
401810031,2025-11-06 01:00:00+00,HOU @ MEM,STATUS_FINAL,MEM,HOU
401810029,2025-11-06 00:30:00+00,WSH @ BOS,STATUS_FINAL,BOS,WSH
401810030,2025-11-06 00:30:00+00,MIN @ NY,STATUS_FINAL,NY,MIN
401810028,2025-11-06 00:00:00+00,BKN @ IND,STATUS_FINAL,IND,BKN
401810027,2025-11-06 00:00:00+00,UTAH @ DET,STATUS_FINAL,DET,UTAH
401810026,2025-11-06 00:00:00+00,PHI @ CLE,STATUS_FINAL,CLE,PHI
401810025,2025-11-05 04:00:00+00,OKC @ LAC,STATUS_FINAL,LAC,OKC
401810024,2025-11-05 03:00:00+00,PHX @ GS,STATUS_FINAL,GS,PHX
401810022,2025-11-05 01:00:00+00,PHI @ CHI,STATUS_FINAL,CHI,PHI
401810023,2025-11-05 01:00:00+00,CHA @ NO,STATUS_FINAL,NO,CHA
401810021,2025-11-05 01:00:00+00,ORL @ ATL,STATUS_FINAL,ATL,ORL
401810020,2025-11-05 00:30:00+00,MIL @ TOR,STATUS_FINAL,TOR,MIL
401810019,2025-11-04 03:30:00+00,MIA @ LAC,STATUS_FINAL,LAC,MIA
401810018,2025-11-04 03:00:00+00,LAL @ POR,STATUS_FINAL,POR,LAL
401810017,2025-11-04 02:00:00+00,SAC @ DEN,STATUS_FINAL,DEN,SAC
401810016,2025-11-04 01:00:00+00,DET @ MEM,STATUS_FINAL,MEM,DET
401810015,2025-11-04 01:00:00+00,DAL @ HOU,STATUS_FINAL,HOU,DAL
401810014,2025-11-04 00:30:00+00,WSH @ NY,STATUS_FINAL,NY,WSH
401810013,2025-11-04 00:30:00+00,UTAH @ BOS,STATUS_FINAL,BOS,UTAH
401810011,2025-11-04 00:00:00+00,MIN @ BKN,STATUS_FINAL,BKN,MIN
401810012,2025-11-04 00:00:00+00,MIL @ IND,STATUS_FINAL,IND,MIL
401810010,2025-11-03 02:30:00+00,MIA @ LAL,STATUS_FINAL,LAL,MIA
401810009,2025-11-03 01:00:00+00,SA @ PHX,STATUS_FINAL,PHX,SA
401810008,2025-11-03 00:00:00+00,CHI @ NY,STATUS_FINAL,NY,CHI
401810004,2025-11-02 23:00:00+00,PHI @ BKN,STATUS_FINAL,BKN,PHI
401810007,2025-11-02 23:00:00+00,MEM @ TOR,STATUS_FINAL,TOR,MEM
401810006,2025-11-02 23:00:00+00,ATL @ CLE,STATUS_FINAL,CLE,ATL
401810005,2025-11-02 23:00:00+00,UTAH @ CHA,STATUS_FINAL,CHA,UTAH
401810003,2025-11-02 20:30:00+00,NO @ OKC,STATUS_FINAL,OKC,NO
401810002,2025-11-02 02:00:00+00,DAL @ DET,STATUS_FINAL,DET,DAL
401810001,2025-11-02 00:00:00+00,HOU @ BOS,STATUS_FINAL,BOS,HOU
401809999,2025-11-01 23:00:00+00,GS @ IND,STATUS_FINAL,IND,GS
401810000,2025-11-01 23:00:00+00,ORL @ WSH,STATUS_FINAL,WSH,ORL
401809998,2025-11-01 22:00:00+00,MIN @ CHA,STATUS_FINAL,CHA,MIN
401809997,2025-11-01 21:00:00+00,SAC @ MIL,STATUS_FINAL,MIL,SAC
401809509,2025-11-01 02:30:00+00,NO @ LAC,STATUS_FINAL,LAC,NO
401809508,2025-11-01 02:00:00+00,DEN @ POR,STATUS_FINAL,POR,DEN
401809507,2025-11-01 02:00:00+00,UTAH @ PHX,STATUS_FINAL,PHX,UTAH
401809506,2025-11-01 01:30:00+00,LAL @ MEM,STATUS_FINAL,MEM,LAL
401809505,2025-11-01 00:00:00+00,NY @ CHI,STATUS_FINAL,CHI,NY
401809504,2025-10-31 23:30:00+00,TOR @ CLE,STATUS_FINAL,CLE,TOR
401809503,2025-10-31 23:00:00+00,BOS @ PHI,STATUS_FINAL,PHI,BOS
401809502,2025-10-31 23:00:00+00,ATL @ IND,STATUS_FINAL,IND,ATL
401809996,2025-10-31 00:30:00+00,MIA @ SA,STATUS_FINAL,SA,MIA
401809995,2025-10-31 00:00:00+00,WSH @ OKC,STATUS_FINAL,OKC,WSH
401809994,2025-10-31 00:00:00+00,GS @ MIL,STATUS_FINAL,MIL,GS
401809993,2025-10-30 23:00:00+00,ORL @ CHA,STATUS_FINAL,CHA,ORL
401809992,2025-10-30 02:00:00+00,MEM @ PHX,STATUS_FINAL,PHX,MEM
401809991,2025-10-30 01:30:00+00,LAL @ MIN,STATUS_FINAL,MIN,LAL
401809989,2025-10-30 01:00:00+00,NO @ DEN,STATUS_FINAL,DEN,NO
401809990,2025-10-30 01:00:00+00,POR @ UTAH,STATUS_FINAL,UTAH,POR
401809988,2025-10-30 00:30:00+00,IND @ DAL,STATUS_FINAL,DAL,IND
401809987,2025-10-30 00:00:00+00,SAC @ CHI,STATUS_FINAL,CHI,SAC
401809985,2025-10-29 23:30:00+00,ATL @ BKN,STATUS_FINAL,BKN,ATL
401809984,2025-10-29 23:00:00+00,ORL @ DET,STATUS_FINAL,DET,ORL
401809983,2025-10-29 23:00:00+00,CLE @ BOS,STATUS_FINAL,BOS,CLE
401809986,2025-10-29 22:30:00+00,HOU @ TOR,STATUS_FINAL,TOR,HOU
401809982,2025-10-29 03:00:00+00,LAC @ GS,STATUS_FINAL,GS,LAC
401809981,2025-10-29 00:00:00+00,SAC @ OKC,STATUS_FINAL,OKC,SAC
401809980,2025-10-29 00:00:00+00,NY @ MIL,STATUS_FINAL,MIL,NY
401809979,2025-10-28 23:30:00+00,CHA @ MIA,STATUS_FINAL,MIA,CHA
401809978,2025-10-28 23:00:00+00,PHI @ WSH,STATUS_FINAL,WSH,PHI
401809977,2025-10-28 02:30:00+00,POR @ LAL,STATUS_FINAL,LAL,POR
401809976,2025-10-28 02:00:00+00,MEM @ GS,STATUS_FINAL,GS,MEM
401809246,2025-10-28 01:30:00+00,DEN @ MIN,STATUS_FINAL,MIN,DEN
401809975,2025-10-28 01:00:00+00,PHX @ UTAH,STATUS_FINAL,UTAH,PHX
401809974,2025-10-28 00:30:00+00,OKC @ DAL,STATUS_FINAL,DAL,OKC
401809973,2025-10-28 00:00:00+00,TOR @ SA,STATUS_FINAL,SA,TOR
401809970,2025-10-28 00:00:00+00,ATL @ CHI,STATUS_FINAL,CHI,ATL
401809971,2025-10-28 00:00:00+00,BKN @ HOU,STATUS_FINAL,HOU,BKN
401809972,2025-10-28 00:00:00+00,BOS @ NO,STATUS_FINAL,NO,BOS
401809245,2025-10-27 23:00:00+00,CLE @ DET,STATUS_FINAL,DET,CLE
401809969,2025-10-27 23:00:00+00,ORL @ PHI,STATUS_FINAL,PHI,ORL
401809967,2025-10-27 01:00:00+00,POR @ LAC,STATUS_FINAL,LAC,POR
401809968,2025-10-27 01:00:00+00,LAL @ SAC,STATUS_FINAL,SAC,LAL
401809966,2025-10-26 23:30:00+00,TOR @ DAL,STATUS_FINAL,DAL,TOR
401809965,2025-10-26 23:00:00+00,IND @ MIN,STATUS_FINAL,MIN,IND
401809963,2025-10-26 22:00:00+00,NY @ MIA,STATUS_FINAL,MIA,NY
401809964,2025-10-26 22:00:00+00,CHA @ WSH,STATUS_FINAL,WSH,CHA
401809962,2025-10-26 22:00:00+00,MIL @ CLE,STATUS_FINAL,CLE,MIL
401809961,2025-10-26 19:30:00+00,BOS @ DET,STATUS_FINAL,DET,BOS
401809960,2025-10-26 18:00:00+00,BKN @ SA,STATUS_FINAL,SA,BKN
401809959,2025-10-26 01:00:00+00,PHX @ DEN,STATUS_FINAL,DEN,PHX
401809958,2025-10-26 00:00:00+00,IND @ MEM,STATUS_FINAL,MEM,IND
401809956,2025-10-25 23:30:00+00,OKC @ ATL,STATUS_FINAL,ATL,OKC
401809957,2025-10-25 23:30:00+00,CHA @ PHI,STATUS_FINAL,PHI,CHA
401809955,2025-10-25 23:00:00+00,CHI @ ORL,STATUS_FINAL,ORL,CHI
401809954,2025-10-25 02:30:00+00,PHX @ LAC,STATUS_FINAL,LAC,PHX
401809952,2025-10-25 02:00:00+00,GS @ POR,STATUS_FINAL,POR,GS
401809953,2025-10-25 02:00:00+00,UTAH @ SAC,STATUS_FINAL,SAC,UTAH
401809951,2025-10-25 02:00:00+00,MIN @ LAL,STATUS_FINAL,LAL,MIN
401809950,2025-10-25 00:30:00+00,WSH @ DAL,STATUS_FINAL,DAL,WSH
401809947,2025-10-25 00:00:00+00,DET @ HOU,STATUS_FINAL,HOU,DET
401809949,2025-10-25 00:00:00+00,SA @ NO,STATUS_FINAL,NO,SA
401809948,2025-10-25 00:00:00+00,MIA @ MEM,STATUS_FINAL,MEM,MIA
401809945,2025-10-24 23:30:00+00,BOS @ NY,STATUS_FINAL,NY,BOS
401809944,2025-10-24 23:30:00+00,CLE @ BKN,STATUS_FINAL,BKN,CLE
401809943,2025-10-24 23:00:00+00,ATL @ ORL,STATUS_FINAL,ORL,ATL
401809946,2025-10-24 22:30:00+00,MIL @ TOR,STATUS_FINAL,TOR,MIL
401809237,2025-10-24 02:17:00+00,DEN @ GS,STATUS_FINAL,GS,DEN
401809236,2025-10-23 23:30:00+00,OKC @ IND,STATUS_FINAL,IND,OKC
401809942,2025-10-23 02:00:00+00,MIN @ POR,STATUS_FINAL,POR,MIN
401809941,2025-10-23 02:00:00+00,SAC @ PHX,STATUS_FINAL,PHX,SAC
401809235,2025-10-23 01:47:00+00,SA @ DAL,STATUS_FINAL,DAL,SA
401809940,2025-10-23 01:00:00+00,LAC @ UTAH,STATUS_FINAL,UTAH,LAC
401809937,2025-10-23 00:00:00+00,DET @ CHI,STATUS_FINAL,CHI,DET
401809939,2025-10-23 00:00:00+00,WSH @ MIL,STATUS_FINAL,MIL,WSH
401809938,2025-10-23 00:00:00+00,NO @ MEM,STATUS_FINAL,MEM,NO
401809935,2025-10-22 23:30:00+00,TOR @ ATL,STATUS_FINAL,ATL,TOR
401809936,2025-10-22 23:30:00+00,PHI @ BOS,STATUS_FINAL,BOS,PHI
401809933,2025-10-22 23:00:00+00,BKN @ CHA,STATUS_FINAL,CHA,BKN
401809934,2025-10-22 23:00:00+00,MIA @ ORL,STATUS_FINAL,ORL,MIA
401809234,2025-10-22 23:00:00+00,CLE @ NY,STATUS_FINAL,NY,CLE
401809244,2025-10-22 02:00:00+00,GS @ LAL,STATUS_FINAL,LAL,GS
401809243,2025-10-21 23:30:00+00,HOU @ OKC,STATUS_FINAL,OKC,HOU
401812738,2025-10-18 02:30:00+00,SAC @ LAL,STATUS_FINAL,LAL,SAC
401812737,2025-10-18 02:00:00+00,LAC @ GS,STATUS_FINAL,GS,LAC
401812735,2025-10-18 00:00:00+00,DEN @ OKC,STATUS_FINAL,OKC,DEN
401812734,2025-10-18 00:00:00+00,MEM @ MIA,STATUS_FINAL,MIA,MEM
401812736,2025-10-18 00:00:00+00,IND @ SA,STATUS_FINAL,SA,IND
401812733,2025-10-17 23:30:00+00,CHA @ NY,STATUS_FINAL,NY,CHA
401812731,2025-10-17 23:00:00+00,BKN @ TOR,STATUS_FINAL,TOR,BKN
401812732,2025-10-17 23:00:00+00,MIN @ PHI,STATUS_FINAL,PHI,MIN
401812730,2025-10-17 01:00:00+00,POR @ UTAH,STATUS_FINAL,UTAH,POR
401812729,2025-10-17 00:00:00+00,MIN @ CHI,STATUS_FINAL,CHI,MIN
401812728,2025-10-16 23:30:00+00,HOU @ ATL,STATUS_FINAL,ATL,HOU
401812727,2025-10-16 23:00:00+00,WSH @ DET,STATUS_FINAL,DET,WSH
401812726,2025-10-16 23:00:00+00,NO @ ORL,STATUS_FINAL,ORL,NO
401812724,2025-10-16 02:30:00+00,DAL @ LAL,STATUS_FINAL,LAL,DAL
401812725,2025-10-16 02:00:00+00,LAC @ SAC,STATUS_FINAL,SAC,LAC
401812723,2025-10-15 23:30:00+00,TOR @ BOS,STATUS_FINAL,BOS,TOR
401812722,2025-10-15 23:00:00+00,MEM @ CHA,STATUS_FINAL,CHA,MEM
401812720,2025-10-15 02:00:00+00,GS @ POR,STATUS_FINAL,POR,GS
401812721,2025-10-15 02:00:00+00,LAL @ PHX,STATUS_FINAL,PHX,LAL
401812719,2025-10-15 01:00:00+00,CHI @ DEN,STATUS_FINAL,DEN,CHI
401812718,2025-10-15 00:00:00+00,OKC @ MIL,STATUS_FINAL,MIL,OKC
401812717,2025-10-15 00:00:00+00,HOU @ NO,STATUS_FINAL,NO,HOU
401812716,2025-10-14 23:00:00+00,DET @ CLE,STATUS_FINAL,CLE,DET
401812715,2025-10-14 01:00:00+00,DAL @ UTAH,STATUS_FINAL,UTAH,DAL
401812714,2025-10-14 00:00:00+00,GUANGZHOU @ MIN,STATUS_FINAL,MIN,GUANGZHOU
401812713,2025-10-13 23:30:00+00,WSH @ NY,STATUS_FINAL,NY,WSH
401812712,2025-10-13 23:00:00+00,SA @ IND,STATUS_FINAL,IND,SA
401812711,2025-10-13 22:00:00+00,MIA @ ATL,STATUS_FINAL,ATL,MIA
401812709,2025-10-13 01:30:00+00,DEN @ LAC,STATUS_FINAL,LAC,DEN
401812710,2025-10-13 01:30:00+00,GS @ LAL,STATUS_FINAL,LAL,GS
401812708,2025-10-12 23:00:00+00,MIL @ CHI,STATUS_FINAL,CHI,MIL
401812707,2025-10-12 23:00:00+00,CLE @ BOS,STATUS_FINAL,BOS,CLE
401812706,2025-10-12 22:00:00+00,MIA @ ORL,STATUS_FINAL,ORL,MIA
401812705,2025-10-12 19:00:00+00,TOR @ WSH,STATUS_FINAL,WSH,TOR
401812704,2025-10-12 11:00:00+00,BKN @ PHX,STATUS_FINAL,PHX,BKN
401812703,2025-10-12 00:30:00+00,CHA @ DAL,STATUS_FINAL,DAL,CHA
401812702,2025-10-12 00:00:00+00,ATL @ MEM,STATUS_FINAL,MEM,ATL
401812701,2025-10-11 23:00:00+00,OKC @ IND,STATUS_FINAL,IND,OKC
401812700,2025-10-11 02:00:00+00,SAC @ POR,STATUS_FINAL,POR,SAC
401812699,2025-10-11 00:00:00+00,UTAH @ SA,STATUS_FINAL,SA,UTAH
401812697,2025-10-10 23:00:00+00,BOS @ TOR,STATUS_FINAL,TOR,BOS
401812698,2025-10-10 23:00:00+00,ORL @ PHI,STATUS_FINAL,PHI,ORL
401812696,2025-10-10 12:00:00+00,PHX @ BKN,STATUS_FINAL,BKN,PHX
401812695,2025-10-10 02:30:00+00,GUANGZHOU @ LAC,STATUS_FINAL,LAC,GUANGZHOU
401812693,2025-10-10 00:00:00+00,DET @ MIL,STATUS_FINAL,MIL,DET
401812692,2025-10-10 00:00:00+00,CLE @ CHI,STATUS_FINAL,CHI,CLE
401812694,2025-10-10 00:00:00+00,CHA @ OKC,STATUS_FINAL,OKC,CHA
401812691,2025-10-09 23:30:00+00,MIN @ NY,STATUS_FINAL,NY,MIN
401812690,2025-10-09 02:00:00+00,TOR @ SAC,STATUS_FINAL,SAC,TOR
401812689,2025-10-09 02:00:00+00,POR @ GS,STATUS_FINAL,GS,POR
401812688,2025-10-09 00:00:00+00,BOS @ MEM,STATUS_FINAL,MEM,BOS
401812687,2025-10-09 00:00:00+00,UTAH @ HOU,STATUS_FINAL,HOU,UTAH
401812686,2025-10-08 23:30:00+00,SA @ MIA,STATUS_FINAL,MIA,SA
401812685,2025-10-08 00:00:00+00,IND @ MIN,STATUS_FINAL,MIN,IND
401812684,2025-10-07 23:00:00+00,CHI @ CLE,STATUS_FINAL,CLE,CHI
401812683,2025-10-07 02:00:00+00,DEN @ TOR,STATUS_FINAL,TOR,DEN
401812682,2025-10-07 00:30:00+00,OKC @ DAL,STATUS_FINAL,DAL,OKC
401812681,2025-10-07 00:00:00+00,GUANGZHOU @ SA,STATUS_FINAL,SA,GUANGZHOU
401812680,2025-10-07 00:00:00+00,DET @ MEM,STATUS_FINAL,MEM,DET
401812679,2025-10-07 00:00:00+00,ATL @ HOU,STATUS_FINAL,HOU,ATL
401812678,2025-10-06 23:30:00+00,MIL @ MIA,STATUS_FINAL,MIA,MIL
401812677,2025-10-06 00:30:00+00,LAL @ GS,STATUS_FINAL,GS,LAL
401812676,2025-10-05 21:00:00+00,OKC @ CHA,STATUS_FINAL,CHA,OKC
401812487,2025-10-05 03:00:00+00,,STATUS_FINAL,NO,
401812486,2025-10-05 01:00:00+00,MIN @ DEN,STATUS_FINAL,DEN,MIN
401812484,2025-10-05 00:00:00+00,HAPOEL @ BKN,STATUS_FINAL,BKN,HAPOEL
401812485,2025-10-05 00:00:00+00,ORL @ MIA,STATUS_FINAL,MIA,ORL
401812483,2025-10-04 15:00:00+00,NY @ PHI,STATUS_FINAL,PHI,NY
401812482,2025-10-04 02:00:00+00,PHX @ LAL,STATUS_FINAL,LAL,PHX
401812481,2025-10-03 09:30:00+00,MEL @ NO,STATUS_FINAL,NO,MEL
401812480,2025-10-02 16:00:00+00,PHI @ NY,STATUS_FINAL,NY,PHI
